4091664,ピクセルシェーダーバージョンコード：%x,
4091704,エミュレーション頂点シェーダーバージョンコード：%x,
4091760,エミュレーション頂点シェーダーバージョンコード：エミュレーション無し,
4091832,ハードウェア頂点シェーダーバージョンコード：%x,
4091880,減算合成のハードウェア対応：%s,
4091912,エミュレート,
4091928,ネイティブ,
4091940,テクスチャステージテンポラリレジスタ：%s,
4091984,使用不可,
4091996,使用可,
4092004,最大テクスチャサイズ　幅:%d 高さ:%d,
4092040,同時にレンダリングできるバッファの数:%d,
4092080,対応している最大頂点インデックス:%d,
4092116,一度に描画できるプリミティブの最大数:%d,
4093424,描画用２チャンネル浮動小数点 32 ビット型カラーフォーマットは %s です,
4093512,描画用２チャンネル浮動小数点 16 ビット型カラーフォーマットは %s です,
4093600,描画用２チャンネル整数 16 ビット型カラーフォーマットは %s です,
4093680,描画用２チャンネル整数 8 ビット型カラーフォーマットは %s です,
4093760,描画用１チャンネル浮動小数点 32 ビット型カラーフォーマットは %s です,
4093848,描画用１チャンネル浮動小数点 16 ビット型カラーフォーマットは %s です,
4093932,描画用１チャンネル整数 16 ビット型カラーフォーマットは %s です,
4094008,描画用１チャンネル整数 8 ビット型カラーフォーマットは %s です,
4094084,描画用 ABGR 浮動小数点 32 ビット型カラーフォーマットは %s です,
4094172,描画用 ABGR 浮動小数点 16 ビット型カラーフォーマットは %s です,
4094260,描画用 ABGR 整数 16 ビット型カラーフォーマットは %s です,
4094340,描画用アルファ付き 32bit カラーフォーマットは %s です,
4094396,描画用 32bit カラーフォーマットは %s です,
4094440,描画用 16bit カラーフォーマットは %s です,
4094484,ＤＸＴ５テクスチャフォーマットは%s,
4094520,D3DFMT_DXT5 です,
4094540,ＤＸＴ４テクスチャフォーマットは%s,
4094576,D3DFMT_DXT4 です,
4094596,ＤＸＴ３テクスチャフォーマットは%s,
4094632,D3DFMT_DXT3 です,
4094652,ＤＸＴ２テクスチャフォーマットは%s,
4094688,D3DFMT_DXT2 です,
4094708,ＤＸＴ１テクスチャフォーマットは%s,
4094744,使えません,
4094756,D3DFMT_DXT1 です,
4094776,アルファテスト用 32bit カラーフォーマットは %s です,
4094828,アルファテスト用 16bit カラーフォーマットは %s です,
4094896,アルファ付き 32bit カラーフォーマットは %s です,
4094944,アルファ付き 16bit カラーフォーマットは %s です,
4095024,32bit カラーフォーマットは %s です,
4095060,16bit カラーフォーマットは %s です,
4095096,32bit Zバッファフォーマットは %s です,
4095136,24bit Zバッファフォーマットは %s です,
4095204,16bit Zバッファフォーマットは %s です,
4095256,画面のフォーマットは %s です,
4095336,バックバッファが対応していないフォーマット %d です,
4103564,使用できるカラーフォーマットが見つかりませんでした[NEWLINE],
4103616,使用する機能レベル:%s,
4103808,使用できる描画用２チャンネル浮動小数点 32 ビット型カラーフォーマットがありませんでした[NEWLINE],
4103896,使用できる描画用２チャンネル浮動小数点 16 ビット型カラーフォーマットがありませんでした[NEWLINE],
4103984,使用できる描画用２チャンネル整数 16 ビット型カラーフォーマットがありませんでした[NEWLINE],
4104072,使用できる描画用２チャンネル整数 8 ビット型カラーフォーマットがありませんでした[NEWLINE],
4104160,使用できる描画用１チャンネル浮動小数点 32 ビット型カラーフォーマットがありませんでした[NEWLINE],
4104248,使用できる描画用１チャンネル浮動小数点 16 ビット型カラーフォーマットがありませんでした[NEWLINE],
4104336,使用できる描画用１チャンネル整数 16 ビット型カラーフォーマットがありませんでした[NEWLINE],
4104424,使用できる描画用１チャンネル整数 8 ビット型カラーフォーマットがありませんでした[NEWLINE],
4104512,使用できる描画用 ABGR 浮動小数点 32 ビット型カラーフォーマットがありませんでした[NEWLINE],
4104600,使用できる描画用 ABGR 浮動小数点 16 ビット型カラーフォーマットがありませんでした[NEWLINE],
4104688,使用できる描画用 ABGR 整数 16 ビット型カラーフォーマットがありませんでした[NEWLINE],
4105064,使用できるアルファ付き 32bit 描画可能カラーフォーマットが見つかりませんでした[NEWLINE],
4105144,使用できる 32bit 描画可能カラーフォーマットが見つかりませんでした[NEWLINE],
4105272,使用できる 16bit 描画可能カラーフォーマットが見つかりませんでした[NEWLINE],
4105340, DXGI_FORMAT_BC3_UNORM です,
4105368,ＤＸＴ４テクスチャフォーマットは使えません,
4105412, DXGI_FORMAT_BC2_UNORM です,
4105440,ＤＸＴ２テクスチャフォーマットは使えません,
4105484, DXGI_FORMAT_BC1_UNORM です,
4105512,カラーフォーマットは %s です,
4355232,なし,
4355240,無,
4355248,炎,
4355256,水,
4355264,然,
4355272,地,
4355280,鉄,
4355288,風,
4355296,雷,
4355304,光,
4355312,闇,
4355320,冥,
4355328,毒,
4355336,闘,
4355344,幻,
4355352,音,
4355360,夢,
4355368,歪,
4355376,集中,
4355384,拡散,
4355392,変化,
4355744,幻想人形演舞AP,
4356000,なし,
4356008,無,
4356016,炎,
4356024,水,
4356032,然,
4356040,地,
4356048,鉄,
4356056,風,
4356064,雷,
4356072,光,
4356080,闇,
4356088,冥,
4356096,毒,
4356104,闘,
4356112,幻,
4356120,音,
4356128,夢,
4356136,歪,
4356144,集中,
4356152,拡散,
4356160,変化,
4356512,幻想人形演舞-ユメノカケラ-,
4356984,なし,
4356992,無,
4357000,炎,
4357008,水,
4357016,然,
4357024,地,
4357032,鉄,
4357040,風,
4357048,雷,
4357056,光,
4357064,闇,
4357072,冥,
4357080,毒,
4357088,闘,
4357096,幻,
4357104,音,
4357112,夢,
4357120,歪,
4357128,集中,
4357136,拡散,
4357144,変化,
4357488,幻想郷,
4357520,地底,
4357552,魔界,
4357584,？？？,
4357812,集中,
4357820,拡散,
4357828,変化,
4357848,なし,
4357856,無,
4357864,炎,
4357872,水,
4357880,然,
4357888,地,
4357896,鉄,
4357904,風,
4357912,雷,
4357920,光,
4357928,闇,
4357936,冥,
4357944,毒,
4357952,闘,
4357960,幻,
4357968,音,
4357976,夢,
4357984,歪,
4358684,集中,
4358692,拡散,
4358700,変化,
4358720,なし,
4358728,無,
4358736,炎,
4358744,水,
4358752,然,
4358760,地,
4358768,鉄,
4358776,風,
4358784,雷,
4358792,光,
4358800,闇,
4358808,冥,
4358816,毒,
4358824,闘,
4358832,幻,
4358840,音,
4358848,夢,
4358856,歪,
4359436,女,
4359452,男,
4359480,なし,
4359488,無,
4359496,炎,
4359504,水,
4359512,然,
4359520,地,
4359528,鉄,
4359536,風,
4359544,雷,
4359552,光,
4359560,闇,
4359568,冥,
4359576,毒,
4359584,闘,
4359592,幻,
4359600,音,
4359608,夢,
4359616,歪,
4359624,集中,
4359632,拡散,
4359640,変化,
4360284,集中,
4360292,拡散,
4360300,変化,
4360320,なし,
4360328,無,
4360336,炎,
4360344,水,
4360352,然,
4360360,地,
4360368,鉄,
4360376,風,
4360384,雷,
4360392,光,
4360400,闇,
4360408,冥,
4360416,毒,
4360424,闘,
4360432,幻,
4360440,音,
4360448,夢,
4360456,歪,
4360964,集中,
4360972,拡散,
4360980,変化,
4361000,なし,
4361008,無,
4361016,炎,
4361024,水,
4361032,然,
4361040,地,
4361048,鉄,
4361056,風,
4361064,雷,
4361072,光,
4361080,闇,
4361088,冥,
4361096,毒,
4361104,闘,
4361112,幻,
4361120,音,
4361128,夢,
4361136,歪,
4361688,なし,
4361696,無,
4361704,炎,
4361712,水,
4361720,然,
4361728,地,
4361736,鉄,
4361744,風,
4361752,雷,
4361760,光,
4361768,闇,
4361776,冥,
4361784,毒,
4361792,闘,
4361800,幻,
4361808,音,
4361816,夢,
4361824,歪,
4361832,集中,
4361840,拡散,
4361848,変化,
4362420,集中,
4362428,拡散,
4362436,変化,
4362456,なし,
4362464,無,
4362472,炎,
4362480,水,
4362488,然,
4362496,地,
4362504,鉄,
4362512,風,
4362520,雷,
4362528,光,
4362536,闇,
4362544,冥,
4362552,毒,
4362560,闘,
4362568,幻,
4362576,音,
4362584,夢,
4362592,歪,
4363172,集中,
4363180,拡散,
4363188,変化,
4363208,なし,
4363216,無,
4363224,炎,
4363232,水,
4363240,然,
4363248,地,
4363256,鉄,
4363264,風,
4363272,雷,
4363280,光,
4363288,闇,
4363296,冥,
4363304,毒,
4363312,闘,
4363320,幻,
4363328,音,
4363336,夢,
4363344,歪,
4363896,なし,
4363904,無,
4363912,炎,
4363920,水,
4363928,然,
4363936,地,
4363944,鉄,
4363952,風,
4363960,雷,
4363968,光,
4363976,闇,
4363984,冥,
4363992,毒,
4364000,闘,
4364008,幻,
4364016,音,
4364024,夢,
4364032,歪,
4364040,集中,
4364048,拡散,
4364056,変化,
4366500,集中,
4366508,拡散,
4366516,変化,
4366536,なし,
4366544,無,
4366552,炎,
4366560,水,
4366568,然,
4366576,地,
4366584,鉄,
4366592,風,
4366600,雷,
4366608,光,
4366616,闇,
4366624,冥,
4366632,毒,
4366640,闘,
4366648,幻,
4366656,音,
4366664,夢,
4366672,歪,
4368608,幻想人形演舞AP,
4368624,幻想人形演舞,
4368864,バトル！人形たち,
4368928,バトル！人形たち２,
4368992,バトル！人形たち３,
4369056,バトル！森の人形たち,
4369120,バトル！洞窟の人形たち,
4369184,バトル！山の人形たち,
4369248,バトル！人形遣い,
4369312,バトル！人形遣い２,
4369376,バトル！幻想少女,
4369440,バトル！幻想郷の強敵,
4369504,バトル！人形解放戦線,
4369568,バトル！人形解放戦線幹部,
4369632,バトル！メディスン・メランコリー,
4369696,バトル！風見幽香,
4369760,バトル！博麗霊夢,
4369824,バトル！霧雨魔理沙,
4369888,バトル！魔界の住民たち,
4369952,バトル！魔界の神,
4370016,バトル！人形舞闘会,
4370080,バトル！フランドール,
4370144,バトル！アマノジャク,
4370208,バトル！秘封倶楽部,
4370272,バトル！八雲紫,
4370336,バトル！最凶の悪魔姉妹,
4370400,新米人形遣いの,
4370432,人形遣いの,
4370464,エリート人形遣いの,
4370496,ベテラン人形遣いの,
4370528,人形解放戦線の,
4370560,記者の,
4370592,狂気の,
4370624,人形マスターの,
4370656,チャンピオン,
4370688,異変解決専門家,
4370720,最強の,
4370752,豪傑,
4370784,村人A,
4370816,下っ端の,
4370848,とり の,
4370880,外の世界の,
4370912,夢追い人,
4370944,アイドルの,
4370976,紳士の,
4371008,全知無能の,
4371040,正体不明の,
4371072,進撃の,
4371104,商人の,
4371136,逃亡者の,
4371168,伝説の,
4371200,正義の,
4371232,締切間近の,
4371264,独りぼっちの,
4371296,反逆の,
4371328,天邪鬼の,
4371360,式神の,
4371392,ガンガンいく,
4371424,舞い降りた,
4371456,亡霊の,
4371488,憑りつかれた,
4371520,不退転の,
4371552,決闘者,
4371584,流浪の,
4371616,導かれし者,
4371648,性懲りもなく,
4371680,熱血漢,
4371712,逆襲の,
4371744,のんべぇの,
4371776,量産型,
4371808,黒幕の,
4371876,集中,
4371884,拡散,
4371892,変化,
4371912,なし,
4371920,無,
4371928,炎,
4371936,水,
4371944,然,
4371952,地,
4371960,鉄,
4371968,風,
4371976,雷,
4371984,光,
4371992,闇,
4372000,冥,
4372008,毒,
4372016,闘,
4372024,幻,
4372032,音,
4372040,夢,
4372048,歪,
4372368,６３基本ルール,
4372496,フリールール,
4372624,６６基本ルール,
4372752,タイプA,
4372880,タイプB,
4373008,タイプC,
4373136,タイプD,
4373264,撮影可,
4373392,撮影不可,
4373520,撮影する,
4376008,なし,
4376016,無,
4376024,炎,
4376032,水,
4376040,然,
4376048,地,
4376056,鉄,
4376064,風,
4376072,雷,
4376080,光,
4376088,闇,
4376096,冥,
4376104,毒,
4376112,闘,
4376120,幻,
4376128,音,
4376136,夢,
4376144,歪,
4376152,集中,
4376160,拡散,
4376168,変化,
4376176,道具,
4376208,回復,
4376240,装飾１,
4376272,装飾２,
4376304,スキル,
4376336,戦闘用,
4376368,大切,
4376776,幻想人形演舞AP,
4376996,集中,
4377004,拡散,
4377012,変化,
4377032,なし,
4377040,無,
4377048,炎,
4377056,水,
4377064,然,
4377072,地,
4377080,鉄,
4377088,風,
4377096,雷,
4377104,光,
4377112,闇,
4377120,冥,
4377128,毒,
4377136,闘,
4377144,幻,
4377152,音,
4377160,夢,
4377168,歪,
4377692,集中,
4377700,拡散,
4377708,変化,
4377728,なし,
4377736,無,
4377744,炎,
4377752,水,
4377760,然,
4377768,地,
4377776,鉄,
4377784,風,
4377792,雷,
4377800,光,
4377808,闇,
4377816,冥,
4377824,毒,
4377832,闘,
4377840,幻,
4377848,音,
4377856,夢,
4377864,歪,
4378196,幻想人形演舞AP,
4378264,幻想人形演舞,
4378520,なし,
4378528,無,
4378536,炎,
4378544,水,
4378552,然,
4378560,地,
4378568,鉄,
4378576,風,
4378584,雷,
4378592,光,
4378600,闇,
4378608,冥,
4378616,毒,
4378624,闘,
4378632,幻,
4378640,音,
4378648,夢,
4378656,歪,
4378664,集中,
4378672,拡散,
4378680,変化,
4379064,幻想人形演舞AP,
4379364,集中,
4379372,拡散,
4379380,変化,
4379400,なし,
4379408,無,
4379416,炎,
4379424,水,
4379432,然,
4379440,地,
4379448,鉄,
4379456,風,
4379464,雷,
4379472,光,
4379480,闇,
4379488,冥,
4379496,毒,
4379504,闘,
4379512,幻,
4379520,音,
4379528,夢,
4379536,歪,
4380088,なし,
4380096,無,
4380104,炎,
4380112,水,
4380120,然,
4380128,地,
4380136,鉄,
4380144,風,
4380152,雷,
4380160,光,
4380168,闇,
4380176,冥,
4380184,毒,
4380192,闘,
4380200,幻,
4380208,音,
4380216,夢,
4380224,歪,
4380232,集中,
4380240,拡散,
4380248,変化,
4380704,プロデューサー,
4380832,ディレクター,
4380960,アシスタントディレクター,
4381088,システム,
4381216,シナリオ,
4381344,シナリオ補佐,
4381472,シナリオ監修,
4381600,ミュージックアレンジ,
4381728,演出,
4381856,サウンドディレクター,
4381984,メインプログラム,
4382112,キャラクターグラフィック,
4382240,人形グラフィック,
4382368,インターフェースデザイン,
4382496,マップグラフィック,
4382624,マップデザインチーフ,
4382752,マップデザイン,
4382880,戦闘エフェクトグラフィック,
4383008,戦闘エフェクトプログラム,
4383136,戦闘エフェクト協力,
4383264,イベントスクリプト,
4383392,名称データ設定,
4383520,名称データ監修,
4383648,各データ説明文,
4383776,会話データ設定,
4383904,戦闘データ設定,
4384032,戦闘データ協力,
4384160,人形遣い設定,
4384288,データ入力ツールプログラム,
4384416,データ入力・他,
4384544,オープニングムービー制作,
4384672,エンディングデザイン,
4384800,エンディングプログラム,
4384928,デバッグ,
4385056,デバッグ,
4385184,デバッグ,
4385312,ロゴデザイン,
4385440,アートワーク,
4385568,WEBサイトデザイン,
4385696,プロモーション,
4385824,サウンドエフェクト提供,
4385952,スペシャルサンクス,
4386080,原作：東方Projectシリーズ,
4386208,原作：東方アクションシリーズ,
4386336,制作,
4386464,企画・頒布,
4386592,へもぐろびんA1C\nふぉーかる,
4386720,じゃじゃお,
4386848,ふぉーかる,
4386976,へもぐろびんA1C\nふぉーかる,
4387104,うなぎぼぉん,
4387232,柿乃種(トッポ味),
4387360,じゃじゃお\nふぉーかる,
4387488,紫苑,
4387616,へもぐろびんA1C\nふぉーかる,
4387744,ふぉーかる,
4387872,ふぉーかる,
4388000,へもぐろびんA1C,
4388128,へもぐろびんA1C,
4388256,へもぐろびんA1C\nふぉーかる,
4388384,へもぐろびんA1C,
4388512,雪高 巴,
4388640,プロミネンス信用金子\n柿乃種(トッポ味),
4388768,へもぐろびんA1C,
4388896,-==|=\nふぉーかる,
4389024,雪高 巴\nふりあ\nじゃじゃお,
4389152,ふぉーかる\nせなりあ,
4389408,じゃじゃお,
4389536,High-jin\nふりあ,
4389664,うなぎぼぉん\n柿乃種(トッポ味)\n雪高 巴,
4389792,じゃじゃお\nコカトリス信雄\nリヴァイアサン信子,
4389920,ふぉーかる\n雪高 巴\nひるお,
4390048,へもぐろびんA1C\n雪高 巴\n柿乃種(トッポ味),
4390176,ふぉーかる,
4390304,じゃじゃお\nChancePoem14\nHigh-jin,
4390432,へもぐろびんA1C,
4390560,へもぐろびんA1C,
4390688,ふぉーかる,
4390816,ふぉーかる\nへもぐろびんA1C\nじゃじゃお,
4390944,High-jin\nふりあ\n-==|=,
4391072,コカトリス信雄\nリヴァイアサン信子\nプロミネンス信用金子,
4391200,じゃじゃお,
4391328,へもぐろびんA1C\nうなぎぼぉん\nふぉーかる,
4391456,ふぉーかる,
4391584,へもぐろびんA1C\nじゃじゃお\nふぉーかる,
4391712,ぴろ\n魔王魂\nポケットサウンド,
4391840,出血観察日記コミュニティの皆さん,
4391968,上海アリス幻樂団,
4392096,黄昏フロンティア,
4392224,幻想人形劇団,
4393504,うなぎぼぉん\nじゃじゃお,
4394528,魁聘\nへもぐろびんA1C,
4395040,プロミネンス信用金子\nへもぐろびんA1C,
4395424,ChancePoem14\nひるお,
4395680,ぐんまけんのDさん,
4395808,High-jin\nふりあ\n魁聘,
4396192,ふりあ\n雪高 巴,
4396704,紫苑\n雪高 巴\nうなぎぼぉん,
4396832,柿乃種(トッポ味)\nChancePoem14\n魁聘,
4396960,ひるお,
4397600,On-Jin〜音人〜\nザ・マッチメイカァズ2nd,
4398544,なし,
4398552,無,
4398560,炎,
4398568,水,
4398576,然,
4398584,地,
4398592,鉄,
4398600,風,
4398608,雷,
4398616,光,
4398624,闇,
4398632,冥,
4398640,毒,
4398648,闘,
4398656,幻,
4398664,音,
4398672,夢,
4398680,歪,
4398688,集中,
4398696,拡散,
4398704,変化,
4399048,いつもの,
4399080,特殊カラー,
4399112,特殊衣装,
4399144,ホワイトドレス,
4399376,なし,
4399384,無,
4399392,炎,
4399400,水,
4399408,然,
4399416,地,
4399424,鉄,
4399432,風,
4399440,雷,
4399448,光,
4399456,闇,
4399464,冥,
4399472,毒,
4399480,闘,
4399488,幻,
4399496,音,
4399504,夢,
4399512,歪,
4399520,集中,
4399528,拡散,
4399536,変化,
4399912,幻想人形演舞AP,
4400124,集中,
4400132,拡散,
4400140,変化,
4400160,なし,
4400168,無,
4400176,炎,
4400184,水,
4400192,然,
4400200,地,
4400208,鉄,
4400216,風,
4400224,雷,
4400232,光,
4400240,闇,
4400248,冥,
4400256,毒,
4400264,闘,
4400272,幻,
4400280,音,
4400288,夢,
4400296,歪,
4400304,なし,
4400728,幻想人形演舞AP,
4400912,なし,
4400920,無,
4400928,炎,
4400936,水,
4400944,然,
4400952,地,
4400960,鉄,
4400968,風,
4400976,雷,
4400984,光,
4400992,闇,
4401000,冥,
4401008,毒,
4401016,闘,
4401024,幻,
4401032,音,
4401040,夢,
4401048,歪,
4401056,集中,
4401064,拡散,
4401072,変化,
4401596,集中,
4401604,拡散,
4401612,変化,
4401632,なし,
4401640,無,
4401648,炎,
4401656,水,
4401664,然,
4401672,地,
4401680,鉄,
4401688,風,
4401696,雷,
4401704,光,
4401712,闇,
4401720,冥,
4401728,毒,
4401736,闘,
4401744,幻,
4401752,音,
4401760,夢,
4401768,歪,
4401776,なし,
4402148,幻想人形演舞AP,
4402364,集中,
4402372,拡散,
4402380,変化,
4402400,なし,
4402408,無,
4402416,炎,
4402424,水,
4402432,然,
4402440,地,
4402448,鉄,
4402456,風,
4402464,雷,
4402472,光,
4402480,闇,
4402488,冥,
4402496,毒,
4402504,闘,
4402512,幻,
4402520,音,
4402528,夢,
4402536,歪,
4403060,集中,
4403068,拡散,
4403076,変化,
4403096,なし,
4403104,無,
4403112,炎,
4403120,水,
4403128,然,
4403136,地,
4403144,鉄,
4403152,風,
4403160,雷,
4403168,光,
4403176,闇,
4403184,冥,
4403192,毒,
4403200,闘,
4403208,幻,
4403216,音,
4403224,夢,
4403232,歪,
4403740,集中,
4403748,拡散,
4403756,変化,
4403776,なし,
4403784,無,
4403792,炎,
4403800,水,
4403808,然,
4403816,地,
4403824,鉄,
4403832,風,
4403840,雷,
4403848,光,
4403856,闇,
4403864,冥,
4403872,毒,
4403880,闘,
4403888,幻,
4403896,音,
4403904,夢,
4403912,歪,
4404444,集中,
4404452,拡散,
4404460,変化,
4404480,なし,
4404488,無,
4404496,炎,
4404504,水,
4404512,然,
4404520,地,
4404528,鉄,
4404536,風,
4404544,雷,
4404552,光,
4404560,闇,
4404568,冥,
4404576,毒,
4404584,闘,
4404592,幻,
4404600,音,
4404608,夢,
4404616,歪,
4404936,無印,
4404952,紅の印,
4404968,蒼の印,
4404984,黒の印,
4405000,白の印,
4405016,碧の印,
4405268,集中,
4405276,拡散,
4405284,変化,
4405304,なし,
4405312,無,
4405320,炎,
4405328,水,
4405336,然,
4405344,地,
4405352,鉄,
4405360,風,
4405368,雷,
4405376,光,
4405384,闇,
4405392,冥,
4405400,毒,
4405408,闘,
4405416,幻,
4405424,音,
4405432,夢,
4405440,歪,
4406176,なし,
4406184,無,
4406192,炎,
4406200,水,
4406208,然,
4406216,地,
4406224,鉄,
4406232,風,
4406240,雷,
4406248,光,
4406256,闇,
4406264,冥,
4406272,毒,
4406280,闘,
4406288,幻,
4406296,音,
4406304,夢,
4406312,歪,
4406320,集中,
4406328,拡散,
4406336,変化,
4406856,なし,
4406864,無,
4406872,炎,
4406880,水,
4406888,然,
4406896,地,
4406904,鉄,
4406912,風,
4406920,雷,
4406928,光,
4406936,闇,
4406944,冥,
4406952,毒,
4406960,闘,
4406968,幻,
4406976,音,
4406984,夢,
4406992,歪,
4407000,集中,
4407008,拡散,
4407016,変化,
4407536,なし,
4407544,無,
4407552,炎,
4407560,水,
4407568,然,
4407576,地,
4407584,鉄,
4407592,風,
4407600,雷,
4407608,光,
4407616,闇,
4407624,冥,
4407632,毒,
4407640,闘,
4407648,幻,
4407656,音,
4407664,夢,
4407672,歪,
4407680,集中,
4407688,拡散,
4407696,変化,
4408236,集中,
4408244,拡散,
4408252,変化,
4408272,なし,
4408280,無,
4408288,炎,
4408296,水,
4408304,然,
4408312,地,
4408320,鉄,
4408328,風,
4408336,雷,
4408344,光,
4408352,闇,
4408360,冥,
4408368,毒,
4408376,闘,
4408384,幻,
4408392,音,
4408400,夢,
4408408,歪,
4408936,なし,
4408944,無,
4408952,炎,
4408960,水,
4408968,然,
4408976,地,
4408984,鉄,
4408992,風,
4409000,雷,
4409008,光,
4409016,闇,
4409024,冥,
4409032,毒,
4409040,闘,
4409048,幻,
4409056,音,
4409064,夢,
4409072,歪,
4409080,集中,
4409088,拡散,
4409096,変化,
4409636,集中,
4409644,拡散,
4409652,変化,
4409672,なし,
4409680,無,
4409688,炎,
4409696,水,
4409704,然,
4409712,地,
4409720,鉄,
4409728,風,
4409736,雷,
4409744,光,
4409752,闇,
4409760,冥,
4409768,毒,
4409776,闘,
4409784,幻,
4409792,音,
4409800,夢,
4409808,歪,
4410336,なし,
4410344,無,
4410352,炎,
4410360,水,
4410368,然,
4410376,地,
4410384,鉄,
4410392,風,
4410400,雷,
4410408,光,
4410416,闇,
4410424,冥,
4410432,毒,
4410440,闘,
4410448,幻,
4410456,音,
4410464,夢,
4410472,歪,
4410480,集中,
4410488,拡散,
4410496,変化,
4411036,集中,
4411044,拡散,
4411052,変化,
4411072,なし,
4411080,無,
4411088,炎,
4411096,水,
4411104,然,
4411112,地,
4411120,鉄,
4411128,風,
4411136,雷,
4411144,光,
4411152,闇,
4411160,冥,
4411168,毒,
4411176,闘,
4411184,幻,
4411192,音,
4411200,夢,
4411208,歪,
4411736,なし,
4411744,無,
4411752,炎,
4411760,水,
4411768,然,
4411776,地,
4411784,鉄,
4411792,風,
4411800,雷,
4411808,光,
4411816,闇,
4411824,冥,
4411832,毒,
4411840,闘,
4411848,幻,
4411856,音,
4411864,夢,
4411872,歪,
4411880,集中,
4411888,拡散,
4411896,変化,
4412436,集中,
4412444,拡散,
4412452,変化,
4412472,なし,
4412480,無,
4412488,炎,
4412496,水,
4412504,然,
4412512,地,
4412520,鉄,
4412528,風,
4412536,雷,
4412544,光,
4412552,闇,
4412560,冥,
4412568,毒,
4412576,闘,
4412584,幻,
4412592,音,
4412600,夢,
4412608,歪,
4413136,なし,
4413144,無,
4413152,炎,
4413160,水,
4413168,然,
4413176,地,
4413184,鉄,
4413192,風,
4413200,雷,
4413208,光,
4413216,闇,
4413224,冥,
4413232,毒,
4413240,闘,
4413248,幻,
4413256,音,
4413264,夢,
4413272,歪,
4413280,集中,
4413288,拡散,
4413296,変化,
4413836,集中,
4413844,拡散,
4413852,変化,
4413872,なし,
4413880,無,
4413888,炎,
4413896,水,
4413904,然,
4413912,地,
4413920,鉄,
4413928,風,
4413936,雷,
4413944,光,
4413952,闇,
4413960,冥,
4413968,毒,
4413976,闘,
4413984,幻,
4413992,音,
4414000,夢,
4414008,歪,
4414516,集中,
4414524,拡散,
4414532,変化,
4414552,なし,
4414560,無,
4414568,炎,
4414576,水,
4414584,然,
4414592,地,
4414600,鉄,
4414608,風,
4414616,雷,
4414624,光,
4414632,闇,
4414640,冥,
4414648,毒,
4414656,闘,
4414664,幻,
4414672,音,
4414680,夢,
4414688,歪,
4415020,しかし スキルは 失敗した。,
4415224,なし,
4415232,無,
4415240,炎,
4415248,水,
4415256,然,
4415264,地,
4415272,鉄,
4415280,風,
4415288,雷,
4415296,光,
4415304,闇,
4415312,冥,
4415320,毒,
4415328,闘,
4415336,幻,
4415344,音,
4415352,夢,
4415360,歪,
4415368,集中,
4415376,拡散,
4415384,変化,
4415904,なし,
4415912,無,
4415920,炎,
4415928,水,
4415936,然,
4415944,地,
4415952,鉄,
4415960,風,
4415968,雷,
4415976,光,
4415984,闇,
4415992,冥,
4416000,毒,
4416008,闘,
4416016,幻,
4416024,音,
4416032,夢,
4416040,歪,
4416048,集中,
4416056,拡散,
4416064,変化,
4416584,なし,
4416592,無,
4416600,炎,
4416608,水,
4416616,然,
4416624,地,
4416632,鉄,
4416640,風,
4416648,雷,
4416656,光,
4416664,闇,
4416672,冥,
4416680,毒,
4416688,闘,
4416696,幻,
4416704,音,
4416712,夢,
4416720,歪,
4416728,集中,
4416736,拡散,
4416744,変化,
4417264,なし,
4417272,無,
4417280,炎,
4417288,水,
4417296,然,
4417304,地,
4417312,鉄,
4417320,風,
4417328,雷,
4417336,光,
4417344,闇,
4417352,冥,
4417360,毒,
4417368,闘,
4417376,幻,
4417384,音,
4417392,夢,
4417400,歪,
4417408,集中,
4417416,拡散,
4417424,変化,
4417944,なし,
4417952,無,
4417960,炎,
4417968,水,
4417976,然,
4417984,地,
4417992,鉄,
4418000,風,
4418008,雷,
4418016,光,
4418024,闇,
4418032,冥,
4418040,毒,
4418048,闘,
4418056,幻,
4418064,音,
4418072,夢,
4418080,歪,
4418088,集中,
4418096,拡散,
4418104,変化,
4418624,なし,
4418632,無,
4418640,炎,
4418648,水,
4418656,然,
4418664,地,
4418672,鉄,
4418680,風,
4418688,雷,
4418696,光,
4418704,闇,
4418712,冥,
4418720,毒,
4418728,闘,
4418736,幻,
4418744,音,
4418752,夢,
4418760,歪,
4418768,集中,
4418776,拡散,
4418784,変化,
4419304,なし,
4419312,無,
4419320,炎,
4419328,水,
4419336,然,
4419344,地,
4419352,鉄,
4419360,風,
4419368,雷,
4419376,光,
4419384,闇,
4419392,冥,
4419400,毒,
4419408,闘,
4419416,幻,
4419424,音,
4419432,夢,
4419440,歪,
4419448,集中,
4419456,拡散,
4419464,変化,
4419984,なし,
4419992,無,
4420000,炎,
4420008,水,
4420016,然,
4420024,地,
4420032,鉄,
4420040,風,
4420048,雷,
4420056,光,
4420064,闇,
4420072,冥,
4420080,毒,
4420088,闘,
4420096,幻,
4420104,音,
4420112,夢,
4420120,歪,
4420128,集中,
4420136,拡散,
4420144,変化,
4420664,なし,
4420672,無,
4420680,炎,
4420688,水,
4420696,自然,
4420704,大地,
4420712,鋼鉄,
4420720,風,
4420728,雷,
4420736,光,
4420744,闇,
4420752,冥,
4420760,毒,
4420768,闘,
4420776,幻,
4420784,音,
4420792,夢,
4420800,歪,
4420808,なし,
4420816,無,
4420824,炎,
4420832,水,
4420840,然,
4420848,地,
4420856,鉄,
4420864,風,
4420872,雷,
4420880,光,
4420888,闇,
4420896,冥,
4420904,毒,
4420912,闘,
4420920,幻,
4420928,音,
4420936,夢,
4420944,歪,
4420952,集中,
4420960,拡散,
4420968,変化,
4421488,なし,
4421496,無,
4421504,炎,
4421512,水,
4421520,然,
4421528,地,
4421536,鉄,
4421544,風,
4421552,雷,
4421560,光,
4421568,闇,
4421576,冥,
4421584,毒,
4421592,闘,
4421600,幻,
4421608,音,
4421616,夢,
4421624,歪,
4421632,集中,
4421640,拡散,
4421648,変化,
4422168,なし,
4422176,無,
4422184,炎,
4422192,水,
4422200,然,
4422208,地,
4422216,鉄,
4422224,風,
4422232,雷,
4422240,光,
4422248,闇,
4422256,冥,
4422264,毒,
4422272,闘,
4422280,幻,
4422288,音,
4422296,夢,
4422304,歪,
4422312,集中,
4422320,拡散,
4422328,変化,
4422680,幻想人形演舞AP,
4422888,なし,
4422896,無,
4422904,炎,
4422912,水,
4422920,自然,
4422928,大地,
4422936,鋼鉄,
4422944,風,
4422952,雷,
4422960,光,
4422968,闇,
4422976,冥,
4422984,毒,
4422992,闘,
4423000,幻,
4423008,音,
4423016,夢,
4423024,歪,
4423032,なし,
4423040,無,
4423048,炎,
4423056,水,
4423064,然,
4423072,地,
4423080,鉄,
4423088,風,
4423096,雷,
4423104,光,
4423112,闇,
4423120,冥,
4423128,毒,
4423136,闘,
4423144,幻,
4423152,音,
4423160,夢,
4423168,歪,
4423176,集中,
4423184,拡散,
4423192,変化,
4423544,幻想人形演舞AP,
4423796,集中,
4423804,拡散,
4423812,変化,
4423832,新米人形遣いの,
4423864,人形遣いの,
4423896,エリート人形遣いの,
4423928,ベテラン人形遣いの,
4423960,人形解放戦線の,
4423992,記者の,
4424024,狂気の,
4424056,人形マスターの,
4424088,チャンピオン,
4424120,異変解決専門家,
4424152,最強の,
4424184,豪傑,
4424216,村人A,
4424248,下っ端の,
4424280,とり の,
4424312,外の世界の,
4424344,夢追い人,
4424376,アイドルの,
4424408,紳士の,
4424440,全知無能の,
4424472,正体不明の,
4424504,進撃の,
4424536,商人の,
4424568,逃亡者の,
4424600,伝説の,
4424632,正義の,
4424664,締切間近の,
4424696,独りぼっちの,
4424728,反逆の,
4424760,天邪鬼の,
4424792,式神の,
4424824,ガンガンいく,
4424856,舞い降りた,
4424888,亡霊の,
4424920,憑りつかれた,
4424952,不退転の,
4424984,決闘者,
4425016,流浪の,
4425048,導かれし者,
4425080,性懲りもなく,
4425112,熱血漢,
4425144,逆襲の,
4425176,のんべぇの,
4425208,量産型,
4425240,黒幕の,
4425272,なし,
4425280,無,
4425288,炎,
4425296,水,
4425304,然,
4425312,地,
4425320,鉄,
4425328,風,
4425336,雷,
4425344,光,
4425352,闇,
4425360,冥,
4425368,毒,
4425376,闘,
4425384,幻,
4425392,音,
4425400,夢,
4425408,歪,
4425888,なし,
4426096,混乱,
4426148,通信待機中,
4426160,なし,
4426192,凪,
4426224,極光,
4426256,濃霧,
4426288,黄砂,
4426320,天気雨,
4426352,なし,
4426384,青龍,
4426416,朱雀,
4426448,白虎,
4426480,玄武,
4426512,黄龍,
4426560,幻想人形演舞AP,
4426576,幻想人形演舞AP,
4426784,なし,
4426792,無,
4426800,炎,
4426808,水,
4426816,然,
4426824,地,
4426832,鉄,
4426840,風,
4426848,雷,
4426856,光,
4426864,闇,
4426872,冥,
4426880,毒,
4426888,闘,
4426896,幻,
4426904,音,
4426912,夢,
4426920,歪,
4426928,集中,
4426936,拡散,
4426944,変化,
4427276,幻想人形演舞AP,
4427492,集中,
4427500,拡散,
4427508,変化,
4427528,なし,
4427536,無,
4427544,炎,
4427552,水,
4427560,然,
4427568,地,
4427576,鉄,
4427584,風,
4427592,雷,
4427600,光,
4427608,闇,
4427616,冥,
4427624,毒,
4427632,闘,
4427640,幻,
4427648,音,
4427656,夢,
4427664,歪,
4427996,幻想人形演舞AP,
4428212,集中,
4428220,拡散,
4428228,変化,
4428248,なし,
4428256,無,
4428264,炎,
4428272,水,
4428280,然,
4428288,地,
4428296,鉄,
4428304,風,
4428312,雷,
4428320,光,
4428328,闇,
4428336,冥,
4428344,毒,
4428352,闘,
4428360,幻,
4428368,音,
4428376,夢,
4428384,歪,
4428892,集中,
4428900,拡散,
4428908,変化,
4428928,なし,
4428936,無,
4428944,炎,
4428952,水,
4428960,然,
4428968,地,
4428976,鉄,
4428984,風,
4428992,雷,
4429000,光,
4429008,闇,
4429016,冥,
4429024,毒,
4429032,闘,
4429040,幻,
4429048,音,
4429056,夢,
4429064,歪,
4429580,%sが開けません[NEWLINE],
4429596,エラー,
4429616,実行に必要なファイルが見つかりませんでした。[NEWLINE]「幻想人形演舞」が正しくインストールされているかご確認の上[NEWLINE]再度実行してください。,
4430040,相手の %s,
4430052,%sは 姿が変わった！,
4430072,%sは 本気を 出した！,
4430096,%sの 能力が 変わった！,
4430120,%sの 体力が 回復した！,
4430144,%sは 朱雀に[NEWLINE]体力を 奪われた……,
4430176,%sの 状態異常が 治った！,
4430204,%sは %sを[NEWLINE]奪った！,
4430224,%sの アビリティは[NEWLINE]感染症に なった！,
4430260,%sは 速攻を 仕掛けた！,
4430284,%sは 撃ち返しの ダメージを受けた！,
4430320,%sの %sは[NEWLINE]呪われてしまった！,
4430352,%sは 毒を 吸い取った！,
4430376,%sは %sを取り戻した！,
4430400,%sは 本気だ！,
4430416,%sは 守護結界に[NEWLINE]体力を奪われた……,
4430452,%sは 悪夢に[NEWLINE]体力を奪われた……,
4430484,%sの アビリティが[NEWLINE]なくなった！,
4430516,%sの 正体は[NEWLINE]%sだった！,
4430540,%sは %sを[NEWLINE]投影した！,
4430564,%sは 怯えている……,
4430584,%sは 相手の[NEWLINE]アビリティ「%s」と,
4430616,%sは 相手の[NEWLINE]アビリティがないことと,
4430652,装飾品「%s」に 気づいた！,
4430680,装飾品がないことに 気づいた！,
4430712,雰囲気が 重くなり[NEWLINE]お互いに 装飾品を 使えない！,
4430760,%sは 理不尽だ！,
4430776,%sは 余裕の 表情だ！,
4430800,お互いに 一撃で 戦闘不能になる[NEWLINE]スキルを 使えない！,
4430852,相性反転で お互いの[NEWLINE]属性結界が 反転する！,
4430896,お互いに スキルの効果では[NEWLINE]先制 出来ない！,
4431168,%sが 戦闘に[NEWLINE]引きずり 出された！,
4431200,行け！ %s！,
4431212,%sは %sを[NEWLINE]繰り出した！,
4431236,%sは 白百合の舞の[NEWLINE]効果で 回復した！,
4431272,白百合の舞は 失敗した……,
4431300,%sは マイントラップに[NEWLINE]引っかかった！,
4431340,%sは ステルストラップに[NEWLINE]引っかかった！,
4431380,%sは バインドトラップに[NEWLINE]引っかかった！,
4431420,%sは ポイズントラップを[NEWLINE]解除した！,
4431456,%sは ポイズントラップに[NEWLINE]引っかかった！,
4431496,%sの 捕縛縄が[NEWLINE]相手を狙う！,
4431524,%sは 浮遊石で[NEWLINE]浮かんでいる！,
4431556,%sは 見通し眼鏡で[NEWLINE]相手の%sを 見通した！,
4431596,%sは 見通し眼鏡で[NEWLINE]相手の 装飾品が ないことを 見通した！,
4431652,%sは %sを[NEWLINE]使った！,
4431672,しかし 何も起こらなかった！,
4431700,野良人形の %sは[NEWLINE]%sに 気を取られた！,
4431736,%sは 封印状態になった！,
4431760,しかし 封印に失敗した・・・,
4431788,この人形は 封印できないみたいだ・・・,
4431828,他人の 人形は 封印出来ない！,
4431860,戻れ！ %s！,
4431872,%sは %sを[NEWLINE]引っ込めた！,
4431896,%sは %sの元へ[NEWLINE]帰っていく！,
4431924,%sは[NEWLINE]吹き飛ばされた！,
4431948,%sに 降参された。,
4431968,%sとの 勝負に勝った！,
4431992,%sは 降参した。,
4432008,%sとの 勝負に負けた・・・,
4432036,%sと 引き分けた。,
4432056,野良人形の %sは 逃げ出した！,
4432088,野良人形の %sから[NEWLINE]逃げ切れた！,
4432120,逃げ切れない！,
4432200,%sは %sターン後に[NEWLINE]破滅が 訪れる！,
4432236,%sに 破滅が 訪れた！,
4432260,%sは パワースポットの[NEWLINE]瘴気に 当てられた……,
4432304,%sは パワースポットの[NEWLINE]恩恵を 受けた！,
4432344,%sは 黄砂の[NEWLINE]ダメージを 受けた！,
4432376,%sは 胡蝶の舞に[NEWLINE]体力を 奪われた……,
4432412,%sは 胡蝶の舞で[NEWLINE]体力が 回復した！,
4432448,%sは 命の泉に[NEWLINE]生気を 奪われた……,
4432484,%sは 命の泉の[NEWLINE]恩恵を 受けた！,
4432516,%sは 毒の[NEWLINE]ダメージを 受けた！,
4432548,%sは 火傷の[NEWLINE]ダメージを 受けた！,
4432580,%sは 徹底拘束で[NEWLINE]拘束されている！,
4432616,%sは 拘束から[NEWLINE]解放された！,
4432644,%sは %sに[NEWLINE]拘束されている！,
4432672,%sは %sから[NEWLINE]解放された！,
4432700,%sは 死神に[NEWLINE]命を 削られた……,
4432732,%sの フィールドプロテクトの[NEWLINE]効果が 切れた！,
4432776,%sの フィールドバリアの[NEWLINE]効果が 切れた！,
4432816,%sの 純水のベールの[NEWLINE]効果が 切れた！,
4432852,%sの 風神の加護が[NEWLINE]切れた！,
4432880,%sの 幸運の虹の[NEWLINE]効果が 切れた！,
4432912,%sは 体勢を[NEWLINE]立て直した！,
4432940,%sは[NEWLINE]冷静になった！,
4432960,%sは[NEWLINE]落ち着きを 取り戻した！,
4432992,%sの[NEWLINE]スキルの呪いが 解けた！,
4433024,%sの[NEWLINE]封印状態が 解けた！,
4433052,朱雀は %sと %sから[NEWLINE]体力を 奪った！,
4433088,ドレインシードは %sから[NEWLINE]体力を 吸い取った！,
4433368,名無し,
4433376,ＭＳ ゴシック,
4435132,野良人形の %sが飛び出してきた！,
4435164,%sが勝負を仕掛けてきた！,
4435192,%s %sが勝負を仕掛けてきた！,
4435220,%sターン目,
4435232,通信が切断されました。,
4435256,エラーが発生しました。,
4435280,ＳＰがない！,
4435296,今は このスキルを[NEWLINE]使うことが できない！,
4435336,今は %sしか[NEWLINE]使うことが できない！,
4435372,今は 攻撃スキルしか[NEWLINE]使うことが できない！,
4435416,このスキルは 呪われている！,
4435444,同じスキルを 続けて[NEWLINE]使うことが できない！,
4435488,アビリティの 効果で[NEWLINE]このスキルを 使えない！,
4435532,%sの 効果で[NEWLINE]%sしか 使えない！,
4435564,%sの 効果で[NEWLINE]変化スキルを 使えない！,
4435600,この勝負からは 逃げることが[NEWLINE]できない！,
4435640,人の人形を 連れて[NEWLINE]どこに 行く気だ？,
4435676,この戦いからは 逃げられない！,
4435708,通信エラーが発生しました。,
4435736,人形が 仲間になった！\b\c,
4435764,にニックネームをつけますか？,
4435796,はこれ以上人形を持てない！\b\c,
4435828,は,
4435832,の封印を解いた・・・,
4435856,を人形箱に入れた。,
4435876,%sは 倒れた！,
4435892,相手の %sは 倒れた！,
4435916,バリアオプションは 壊れた！,
4435944,相手の バリアオプションは 壊れた！,
4435980,気象が %sになった！,
4436000,気象が 元に戻った！,
4436020,地相が %sになった！,
4436040,地相が 元に戻った！,
4436108,ｘ,
4436112,なし,
4436120,はい,
4436128,いいえ,
4436136,勝負を諦めて 降参しますか？,
4436164,‐,
4436168,%sの %sは[NEWLINE]下がらない！,
4436192,%sは 純水のベールで[NEWLINE]能力が 下がらない！,
4436232,%sの %sが[NEWLINE]上がった！,
4436256,%sの %sが[NEWLINE]下がった！,
4436280,%sの %sが[NEWLINE]%s段階 上がった！,
4436308,%sの %sが[NEWLINE]%s段階 下がった！,
4436336,%sの %sは[NEWLINE]もう 上がらない！,
4436364,%sの %sは[NEWLINE]もう 下がらない！,
4436392,%sは %s状態に[NEWLINE]ならない！,
4436420,%sには 効果が[NEWLINE]無いようだ……,
4436452,%sは 共鳴して [NEWLINE]%s状態になった！,
4436484,%sは %s状態になった！,
4436508,%sは 共鳴して [NEWLINE]%s %s状態になった！,
4436544,%sは %s %s状態になった！,
4436572,%sは 酔っ払って[NEWLINE]動けない！,
4436600,%sの 停止状態が解けた！,
4436624,%sは 停止している！,
4436644,%sは 反動で[NEWLINE]動けない！,
4436668,%sは ひるんで[NEWLINE]動けなかった！,
4436700,%sは 痺れて[NEWLINE]動けなかった！,
4436728,%sの 混乱が解けた！,
4436748,%sは 混乱している！,
4436768,%sは 混乱して[NEWLINE]動けなかった！,
4436800,%sは ハイテンションで[NEWLINE]%sを 出さなかった！,
4436844,%sは 呪われている[NEWLINE]%sを 出すことが できなかった！,
4436896,%sは かんざしの効果で[NEWLINE]%sを 出すことが できなかった！,
4436952,%sは %sを出すための[NEWLINE]ＳＰが 足りなかった！,
4436996,%sは 使えるスキルがない！,
4437024,%sの %s！,
4437036,%sは 【%s】属性に[NEWLINE]なった！,
4437064,%sは %sを[NEWLINE]跳ね返した！,
4437088,%sは 壁を壊した！,
4437108,%sは 周りのものを[NEWLINE]吹き飛ばした！,
4437144,%sの 防御結界によって[NEWLINE]無効化された！,
4437184,%sの 防御結界を[NEWLINE]くぐり抜けた！,
4437216,しかし スキルは外れた。,
4437240,%sは スキルの[NEWLINE]反動を 受けた！,
4437272,%sは 茨結界の[NEWLINE]ダメージを 受けた！,
4437308,%sは[NEWLINE]死者に 誘われた……,
4437336,%sは 反動を受けた。,
4437356,%sは 藁人形に[NEWLINE]命を 吸われた。,
4437492,痛烈な一撃！,
4437508,致命の一撃！,
4437524,スキルは 属性結界を[NEWLINE]貫通した！,
4437556,スキルは 属性結界に[NEWLINE]阻まれた！,
4437588,バリアオプションによって[NEWLINE]ダメージは 防がれた！,
4437636,%sは 攻撃を[NEWLINE]我慢した！,
4437660,%sは 攻撃を[NEWLINE]耐え忍んだ！,
4437688,%sは 黒いチョーカーで[NEWLINE]持ちこたえた！,
4437728,%sは 黒いリングで[NEWLINE]持ちこたえた！,
4437764,%sの 浮遊石は[NEWLINE]壊れてしまった……,
4437800,%sは 反骨の心得書に[NEWLINE]従った！,
4437832,%sは 茨の符で[NEWLINE]ダメージを 受けた！,
4437868,%sは %sの[NEWLINE]撃ち返しで ダメージを 受けた！,
4437912,%sが 【%s】属性スキルの[NEWLINE]威力を 強めた！,
4437952,%sは %sで[NEWLINE]体力を 回復した！,
4437980,%sは %sで[NEWLINE]状態異常を 治した！,
4438012,%sは %sで[NEWLINE]下がった 能力が 戻った！,
4438048,%sは %sで[NEWLINE]速攻を 仕掛けた！,
4438076,%sは %sで[NEWLINE]スキルの 縛りを 解いた！,
4438112,%sの %sが[NEWLINE]反応した！,
4438136,%sは %sで[NEWLINE]体力が 削られた……,
4438168,%sは %sを使ったが[NEWLINE]効果が なかった……,
4438208,%sは %sで[NEWLINE]【%s】スキルに 備えた！,
4438244,%sは %sに[NEWLINE]ご退場を 願った！,
4438272,%sは %sに[NEWLINE]従った！,
4438292,%sは %sで[NEWLINE]ダメージを 受けた！,
4438324,%sの %sが[NEWLINE]効果を 発揮した！,
4438352,%sは %sで[NEWLINE]体力で 体力が削られた……,
4438388,%sは 無防備になった！,
4438412,%sの 能力変化が[NEWLINE]元に戻った！,
4438444,%sは 体力を[NEWLINE]吸収した！,
4438468,自分の場,
4438480,相手の場,
4438492,%sの フィールドプロテクトは[NEWLINE]壊れた！,
4438532,%sの フィールドバリアは[NEWLINE]壊れた！,
4438568,%sは[NEWLINE]%sを なくしてしまった！,
4438600,%sは 集中力を高めた！,
4438624,%sは[NEWLINE]%sに拘束された！,
4438648,%sは 純水のベールで[NEWLINE]能力を 下げられなくなった！,
4438696,%sは 混乱した！,
4438712,%sは 光を集めた！,
4438732,%sは 森羅結界に包まれた！,
4438760,%sは 茨結界に包まれた！,
4438784,%sは 暗がりに[NEWLINE]身を潜めた！,
4438812,%sは %sを[NEWLINE]奪って 使った！,
4438840,しかし 何も 起こらなかった！,
4438872,%sは 体力を[NEWLINE]回復した！,
4438896,%sの 状態異常が[NEWLINE]治った！,
4438924,%sの 下がった 能力が[NEWLINE]戻った！,
4438956,%sの[NEWLINE]スキルの 縛りが 解けた！,
4438988,%sは 調子に乗って[NEWLINE]%sしか 出せなくなった！,
4439032,%sは ハイテンションになって[NEWLINE]攻撃スキルしか 出せなくなった！,
4439092,自分,
4439100,風神の加護で %sの 人形が素早くなる！,
4439140,%sに 幸運の虹が かかった！,
4439168,%sは 一度休んで[NEWLINE]体力を 回復した！,
4439204,%sの周りに 命の泉が渦巻いた！,
4439236,%sは 攻撃を我慢するために[NEWLINE]身構えた！,
4439276,%sの周りに 蜃気楼が現れた！,
4439304,%sの周りで 死者が呼ぶ声がする……,
4439340,%sに ドレインシードを[NEWLINE]植えつけた！,
4439376,%sは 交代できなくなった！,
4439404,%sの 体力が[NEWLINE]回復した！,
4439428,しかし %sの体力は[NEWLINE]満タンだ！,
4439460,%sは %sを再利用した！,
4439484,%sに パワースポットが 現れた！,
4439516,%sは 次のターンに停止してしまう！,
4439552,%sは お互いの[NEWLINE]アビリティを 入れ替えた！,
4439592,%sは お互いの体力を 分かち合った！,
4439628,%sは 集弾と散弾の 能力変化を[NEWLINE]自分と相手で 入れ替えた！,
4439684,%sは 自分と相手の 集弾と散弾を[NEWLINE] 平均した！,
4439728,%sは 集防と散防の 能力変化を[NEWLINE]自分と相手で 入れ替えた！,
4439784,%sは 自分と相手の 集防と散防を[NEWLINE] 平均した！,
4439828,全ての 能力変化が元に戻った！,
4439860,%sは %sを手に入れた！,
4439884,お互いの人形は 破滅の声を 聞いてしまった！,
4439928,%sの アビリティは[NEWLINE]%sと 同じになった！,
4439968,%sは 雷の力を蓄えた！,
4439992,%sは 集弾と集防を 入れ替えた！,
4440024,%sは 状態異常を %sに移した！,
4440056,%sは 【%s】属性になった！,
4440084,%sは【%s】属性になった！,
4440112,%sは【%s】【%s】属性になった！,
4440144,%sは 自分の体力を代償に[NEWLINE]死神を呼び寄せた！,
4440188,%sは[NEWLINE]死神に魅入られてしまった……,
4440224,%sの 周りに強力な磁場が発生した！,
4440260,%sの アビリティは[NEWLINE]活発になった！,
4440296,%sは %sの[NEWLINE]能力変化を コピーした！,
4440332,相手,
4440340,%sの %sの[NEWLINE]ＳＰが 削られた！,
4440368,%sに[NEWLINE]ステルストラップが 張り巡らされた！,
4440412,%sに[NEWLINE]バインドトラップが 設置された！,
4440452,%sに[NEWLINE]ポイズントラップが 設置された！,
4440492,%sに[NEWLINE]マイントラップが 設置された！,
4440528,%sは %sの[NEWLINE]能力変化を 反転させた！,
4440564,%sは %sに[NEWLINE]クレームをつけた！,
4440596,%sは[NEWLINE]【%s】属性になった！,
4440624,%sの周りに 蝶が舞う！,
4440648,%d回 当たった！,
4440664,%sの %sと %sは[NEWLINE]呪われてしまった！,
4440700,%sの 能力は[NEWLINE]%sと 同じになった！,
4440732,%sは フォースシールドを構えた！,
4440764,自分の 場,
4440776,相手の 場,
4440788,%sに フィールドプロテクトが展開されて[NEWLINE]集中スキルに強くなった！,
4440852,%sに フィールドバリアが展開されて[NEWLINE]拡散スキルに強くなった！,
4440912,%sの 周りに 霧が渦巻く！,
4440940,%sに[NEWLINE]【闘】属性が効かなくなった！,
4440976,%sは 属性結界が 反転した！,
4441004,%sは バリアオプションを奪った！,
4441036,%sは フィールドプロテクトを奪って[NEWLINE]集中スキルに強くなった！,
4441096,%sは フィールドバリアを奪って[NEWLINE]拡散スキルに強くなった！,
4441152,%sは 幸運の虹を奪った！,
4441176,%sは スキルの[NEWLINE]反動を受けた！,
4448776,遅い,
4448784,普通,
4448792,速い,
4448800,見る,
4448808,見ない,
4448816,人形,
4448824,キャラ,
4448832,しない,
4448840,する,
4448848,通常,
4448856,半分,
4448864,パッド%d ↑,
4448876,パッド%d ↓,
4448888,パッド%d ←,
4448900,パッド%d →,
4448912,パッド%d ボタン%d,
4448932,キャンセルする場合は[Esc]を押してください。,
4449164,？？？,
4449172,%s 種類,
4449180,ＣＯＳＴ:    %6s,
4449200,東方キャラでは 誰が好き？,
4449232,人形を選択してください。Xで人形/装飾品を切り替えます。,
4449632,たち,
4449640,の移動先を選択してください。,
4449672,をどうしますか？,
4449692,の装飾品をどうしますか？,
4449720,を預かり ,
4449732,を持たせた。,
4449748,を預かった。 ,
4450244,習得できない,
4450260,習得できる,
4450272,すでに習得している,
4450292,／,
4450296,人形を選んでください。,
4450320,%s をどの人形に使いますか？(Bでキャンセル),
4450364,%s をどの人形に持たせますか？(Bでキャンセル),
4450412,%s をどの人形に習得させますか？,
4450444,%s をどうしますか？,
4450464,並び替え先を選んでください。(Bでキャンセル),
4450508,戻ります。,
4450520,装飾品を持たせます。,
4450544,%s を預かり、別の装飾品を持たせます。,
4450584,%s を預かります。,
4450604,%s はすでに戦っている！,
4450628,%s は戦う元気が無い！,
4450652,%s を戻すことができない！,
4450680,%s のHPが%d回復した！,
4450704,%s は全快した！,
4450720,%s は戦う元気を取り戻した！,
4450748,%s は健康になった！,
4450768,%s のレベルが上った！,
4450792,%s の能力がリセットされた！,
4450820,使っても効果がない！,
4450844,%s はなくなった。,
4450864,%s を持たせた。,
4450880,%s を預かった。,
4450896,%s を預かり %s を持たせた。,
4450924,魔理沙,
4451760,人形の能力を強化します。,
4451788,レベルで習得可能になったスキルを習得します。,
4451836,スキルカードで習得可能なスキルを習得します。,
4451884,PP20を消費してアビリティを変更します。,
4451924,人形をスタイルチェンジします。,
4451956,スタイルチェンジできる人形ではありません！,
4452000,ノーマルでないスタイルの人形はスタイルチェンジできません！,
4452060,スタイルチェンジできるレベルに達していません！,
4452108,変更できるアビリティがありません！,
4452144,PPが足りません！,
4452164,これで確定しますか？,
4452188,PPを配分して能力を強化します。,
4452220,スキルを忘れる,
4452236,どのスキルを習得しますか？,
4452264,%sを習得しますか？,
4452284,スキルを忘れますか？,
4452308,使えるスキルがなくなります！,
4452340,！%s,
4452348,威力,
4452356,命中,
4452364,ＳＰ,
4452372,新しく習得する,
4452388,%sを どこに習得しますか？,
4452416,どのスキルを忘れますか？,
4452444,%sを習得しました！,
4452464,スキルを忘れました！,
4452488,%sを忘れ %sを習得しますか？,
4452516,新しく%sを習得しますか？,
4452544,%sを忘れますか？,
4452564,どのスタイルにチェンジしますか？,
4452600,スタイルは戻せません。このスタイルにチェンジしますか？,
4452656,%sはスタイルチェンジした！,
4452684,どのアビリティに変更しますか？,
4452716,%sに変更しますか？,
4452736,アビリティが%sになった！,
4452764,Xボタンで選択中のスキルの情報を見ます。,
4452972,人形舞闘会,
4453000,戦闘に出す人形を選択してください。,
4453036,Xボタンで人形の能力を見ることができます。,
4453080,\t で出会った。,
4453568,%d年 %d月%d日 %d時%02d分\n,
4454140,転生する人形を設定します,
4454168,継承元となる人形を設定します,
4454200,印を指定する道具を設定します,
4454232,継承に関係する道具を設定します,
4454264,現在の条件で転生を行います,
4454292,転生した人形はLv1になります！ 転生しますか？,
4454340,転生する人形が設定されていません！,
4454376,%s がなくなった！,
4454396,転生をやめます,
4454420,%s は転生した！,
4454492,どの衣装にしますか？(LRでアクション変更),
4454536,この衣装でいいですか？,
4455056,%s %d個,
4455064,記録しています。\nゲームを終了しないでください。,
4455116,記録が完了しました！,
4455140,%s 円,
4455148,所持金,
4455192,シズク,
4455228,ボックス%02d,
4455560,お使いの環境ではシェーダモデル2.0が使用できないため、[NEWLINE]ゲームを開始できません。,
4455640,ゲームの実行に必要なファイルが見つかりませんでした。[NEWLINE]「幻想人形演舞」がインストールされているかご確認の上[NEWLINE]再度実行してください。,
4455784,ゲームデータが不正です。[NEWLINE]再インストール・パッチの再適用をお試しください。,
4455864,確認,
4455872,最新版の確認に失敗しました。,
4455932,（現在のバージョン:%.3f）[NEWLINE]ゲームを終了しアップデーターを起動しますか？[NEWLINE]【いいえ】を選択すると現在のバージョンのまま続行します。,
4456060,アップデーター.exe,
4456144,\幻想人形演舞-ユメノカケラ-,
4456508,%d円,
4456516,戻る,
4456524,%d 個,
4456532,威力:-,
4456540,威力:%d,
4456548,命中:-,
4456556,命中:%d,
4456564,優先度:%d,
4456576,ＳＰ:%d,
4456584,%sをどうしますか？,
4456604,今は使えない！,
4456624,何処かから声が聞こえる・・・\n「こういうものは 使い時があるのよ」,
4456692,%sの効果が残っている！,
4456716,いくつ捨てますか？\nBボタンでキャンセル,
4456756,%sを%d個捨てますが よろしいですか？,
4456792,%sを%d個捨てました。,
4456816,いくつ売りますか？\nBボタンでキャンセル,
4456856,%sを%d個売りますが よろしいですか？,
4456892,%sを%d個売りました。,
4456916,この道具は売ることが出来ません！,
4456952,いくつ買いますか？\nBボタンでキャンセル,
4456992,%sを%d個買った！,
4457012,お金が足りません！,
4457032,これ以上持てません！,
4457056,「%s」を自動的に並び替えますか？,
4457356,通信対戦,
4457368,キーボードでIPとポートを入力し,
4457400,Enterキーを押してください,
4457428,Ctrl+Vでクリップボードから貼り付けできます,
4457472,例　123.456.789.0:10800,
4457496,%03d.%03d.%03d.%03d:%d に,
4457524,接続しますか？,
4457540,キーボードでコードを入力し,
4457568,%d に,
4457576,ポート %d で待機中,
4457596,%03d.%03d.%03d.%03d:%d に接続中,
4457628,マッチング待機中,
4457648,過去20分の接続数：%d,
4457672,過去1時間の対戦数：%d,
4457696,通信待機中,
4457708,コード%dで待機中,
4457728,Aボタンでクリップボードにコピー,
4457760,クリップボードにコピーしました！,
4457796,コード%dに接続中,
4457816,キーボードでポート番号を入力し,
4457848,リプレイを保存する,
4457868,リプレイを保存しない,
4457892,集計に協力する,
4457908,集計に協力しない,
4457928,・手持ちの人形３体以上 ・人形のレベル50制限\n・同種同スタイルの人形禁止 ・装飾品の重複禁止\n・選出可能人形３体,
4458040,・手持ちの人形３体以上 ・選出可能人形３〜６体\n・その他制限なし,
4458104,・手持ちの人形３体以上 ・人形のレベル50制限\n・同種同スタイルの人形禁止 ・装飾品の重複禁止\n・選出可能人形３〜６体,
4458224,動画や生放送の撮影を許可します。\nランダムマッチ時、誰とでもマッチします。,
4458320,影を許可しません。\n人形選出とリザルト画面で名前の先頭に「!」が付きます。\nランダムマッチ時、【撮影する】の人とマッチしません。,
4458484,設定してください。\n人形選出とリザルト画面で名前の先頭に「@」が付きます。\nランダムマッチ時、【撮影不可】の人とマッチしません。,
4458616,人形選択時と対戦中 相手に自分の名前を見せません。\nリザルト画面では見えるので注意してください。,
4458712,自分の人形のニックネームを相手に見せず\n相手の人形のニックネームが見えません。,
4458792,自分の人形のニックネームを相手に見せて\n相手の人形のニックネームが見えます。\n※自分の人形のニックネームに注意してください。,
4458920,自分の人形のニックネームを相手に見せて\n相手の人形のニックネームが見えません。\n※自分の人形のニックネームに注意してください。,
4459048,自分の人形のニックネームを相手に見せず\n相手の人形のニックネームが見えます。,
4459152,人形の使用情報を集計サーバーに送ります。\n情報は【http:%s】で閲覧出来ます。,
4459228,人形の使用情報を集計サーバーに送りません。,
4459272,キーボードで肩書を入力し,
4459300,10文字以内　【\ %】は使用不可。,
4459332,キーボードで名前を入力し,
4459360,不明なエラーです！,
4459380,不正な人形がいます！,
4459404,人形が重複しています！,
4459428,入力された値が不正です！,
4459456,人形の装飾品が重複しています！,
4459488,使用できない装飾品があります！,
4459520,手持ちの人形数が足りません！,
4459552,接続が切断されました。,
4459576,バージョンが違います！,
4459600,通信相手とルールが違います！,
4459632,サーバーが見つかりません！,
4459660,使用できないスキルを持つ,
4459688,人形がいます！,
4459704,リプレイがありません！,
4459728,接続がタイムアウトしました。,
4459760,対戦相手が見つかりませんでした。,
4459796,ランダムマッチは,
4459816,「６３基本ルール」のみで,
4459844,利用可能です！,
4459860,マッチングサーバーは,
4459884,最新バージョンでのみ,
4459932,リプレイを見る,
4459948,ランダムマッチサーバーに,
4460492,エラー1,
4460500,マップがありません,
4460520,エラー2,
4460528,エラー3,
4460860,今の状態を記録しますか？,
4460888,タイトルに戻りますか？,
4461040,%s種類,
4461048,%s円,
4461056,：,
4461060,　,
4461064,%s勝,
4461072,%s戦,
4461080,直近30戦 勝率,
4461096,%.2f％,
4461104,%sの 周りに 風が渦巻く！,
4461132,%sは 吹き飛ばされた！,
4461156,%sは バリアオプションを展開した！,
4461192,%sは 逃げ出した！,
4461212,%sは[NEWLINE]%sに 拘束された！,
4461236,%sは フィールドプロテクトを展開して[NEWLINE]集中スキルに強くなった！,
4461300,%sは フィールドバリアを展開して[NEWLINE]拡散スキルに強くなった！,
4461360,%sの全ての人形は 状態異常から回復した！,
4461600,・\w,
4461608,・,
4461612,買う,
4461620,売る,
4461628,やめる,
4462508,ミューテックスの取得に失敗,
4462536,すでに起動しています。,
4462560,−,
4462564,０,
4462568,１,
4462572,２,
4462576,３,
4462580,４,
4462584,５,
4462588,６,
4462592,７,
4462596,８,
4462600,９,
4462608,%sが開けません[NEWLINE],
4462628,%sのファイル形式が不明です。[NEWLINE],