0,к╩к╖,к╩к╖бг
1,г┴г┬г╠г░г░г▒,NULL
2,г┴г┬г╠г░г░г▓,NULL
3,г┴г┬г╠г░г░г│,NULL
4,г┴г┬г╠г░г░г┤,NULL
5,г┴г┬г╠г░г░г╡,NULL
6,г┴г┬г╠г░г░г╢,NULL
7,г┴г┬г╠г░г░г╖,NULL
8,г┴г┬г╠г░г░г╕,NULL
9,г┴г┬г╠г░г░г╣,NULL
10,г┴г┬г╠г░г▒г░,NULL
11,г┴г┬г╠г░г▒г▒,NULL
12,г┴г┬г╠г░г▒г▓,NULL
13,г┴г┬г╠г░г▒г│,NULL
14,г┴г┬г╠г░г▒г┤,NULL
15,г┴г┬г╠г░г▒г╡,NULL
16,г┴г┬г╠г░г▒г╢,NULL
17,г┴г┬г╠г░г▒г╖,NULL
18,г┴г┬г╠г░г▒г╕,NULL
19,г┴г┬г╠г░г▒г╣,NULL
20,г┴г┬г╠г░г▓г░,NULL
21,г┴г┬г╠г░г▓г▒,NULL
22,г┴г┬г╠г░г▓г▓,NULL
23,г┴г┬г╠г░г▓г│,NULL
24,г┴г┬г╠г░г▓г┤,NULL
25,г┴г┬г╠г░г▓г╡,NULL
26,г┴г┬г╠г░г▓г╢,NULL
27,г┴г┬г╠г░г▓г╖,NULL
28,г┴г┬г╠г░г▓г╕,NULL
29,г┴г┬г╠г░г▓г╣,NULL
30,г┴г┬г╠г░г│г░,NULL
31,г┴г┬г╠г░г│г▒,NULL
32,г┴г┬г╠г░г│г▓,NULL
33,г┴г┬г╠г░г│г│,NULL
34,г┴г┬г╠г░г│г┤,NULL
35,г┴г┬г╠г░г│г╡,NULL
36,г┴г┬г╠г░г│г╢,NULL
37,г┴г┬г╠г░г│г╖,NULL
38,г┴г┬г╠г░г│г╕,NULL
39,г┴г┬г╠г░г│г╣,NULL
40,г┴г┬г╠г░г┤г░,NULL
41,г┴г┬г╠г░г┤г▒,NULL
42,г┴г┬г╠г░г┤г▓,NULL
43,г┴г┬г╠г░г┤г│,NULL
44,г┴г┬г╠г░г┤г┤,NULL
45,г┴г┬г╠г░г┤г╡,NULL
46,г┴г┬г╠г░г┤г╢,NULL
47,г┴г┬г╠г░г┤г╖,NULL
48,г┴г┬г╠г░г┤г╕,NULL
49,г┴г┬г╠г░г┤г╣,NULL
50,г┴г┬г╠г░г╡г░,NULL
51,г┴г┬г╠г░г╡г▒,NULL
52,г┴г┬г╠г░г╡г▓,NULL
53,г┴г┬г╠г░г╡г│,NULL
54,г┴г┬г╠г░г╡г┤,NULL
55,г┴г┬г╠г░г╡г╡,NULL
56,г┴г┬г╠г░г╡г╢,NULL
57,г┴г┬г╠г░г╡г╖,NULL
58,г┴г┬г╠г░г╡г╕,NULL
59,г┴г┬г╠г░г╡г╣,NULL
60,г┴г┬г╠г░г╢г░,NULL
61,г┴г┬г╠г░г╢г▒,NULL
62,г┴г┬г╠г░г╢г▓,NULL
63,г┴г┬г╠г░г╢г│,NULL
64,г┴г┬г╠г░г╢г┤,NULL
65,г┴г┬г╠г░г╢г╡,NULL
66,г┴г┬г╠г░г╢г╢,NULL
67,г┴г┬г╠г░г╢г╖,NULL
68,г┴г┬г╠г░г╢г╕,NULL
69,г┴г┬г╠г░г╢г╣,NULL
70,г┴г┬г╠г░г╖г░,NULL
71,г┴г┬г╠г░г╖г▒,NULL
72,г┴г┬г╠г░г╖г▓,NULL
73,г┴г┬г╠г░г╖г│,NULL
74,г┴г┬г╠г░г╖г┤,NULL
75,г┴г┬г╠г░г╖г╡,NULL
76,г┴г┬г╠г░г╖г╢,NULL
77,г┴г┬г╠г░г╖г╖,NULL
78,г┴г┬г╠г░г╖г╕,NULL
79,г┴г┬г╠г░г╖г╣,NULL
80,г┴г┬г╠г░г╕г░,NULL
81,г┴г┬г╠г░г╕г▒,NULL
82,г┴г┬г╠г░г╕г▓,NULL
83,г┴г┬г╠г░г╕г│,NULL
84,г┴г┬г╠г░г╕г┤,NULL
85,г┴г┬г╠г░г╕г╡,NULL
86,г┴г┬г╠г░г╕г╢,NULL
87,г┴г┬г╠г░г╕г╖,NULL
88,г┴г┬г╠г░г╕г╕,NULL
89,г┴г┬г╠г░г╕г╣,NULL
90,г┴г┬г╠г░г╣г░,NULL
91,г┴г┬г╠г░г╣г▒,NULL
92,г┴г┬г╠г░г╣г▓,NULL
93,г┴г┬г╠г░г╣г│,NULL
94,г┴г┬г╠г░г╣г┤,NULL
95,г┴г┬г╠г░г╣г╡,NULL
96,г┴г┬г╠г░г╣г╢,NULL
97,г┴г┬г╠г░г╣г╖,NULL
98,г┴г┬г╠г░г╣г╕,NULL
99,г┴г┬г╠г░г╣г╣,NULL
100,?Єї?·▐бб?,??к╦їєкык╚ ?▀┌км?к╦к╩кыбг
101,?Єї?·▐бб╨┐╬├,??к╦їєкык╚ ?▀┌км╨┐╬├к╦к╩кыбг
102,?Єї?·▐бб╥╪┘Ў,??к╦їєкык╚ ?▀┌км╥╪┘Ўк╦к╩кыбг
103,?Єї?·▐бб?▐у,??к╦їєкык╚ ?▀┌км?▐ук╦к╩кыбг
104,▐уЄ╚хє°╠,?▀┌г║?▐ук╬у┴ ▀╙твк╬л╣лнлыкЄклкяк╖кфк╣кпк╩кыбгк▐к┐?▐ук╬л└лс?л╕кЄсЇк▒к╩кдбг
105,▐уЄ╚Єф═Ї,?▀┌г║?▐ук╬у┴ э╗▌┬к╬єв?кмг▒.г│█├к╦к╩кыбгк▐к┐?▐ук╬л└лс?л╕кЄсЇк▒к╩кдбг
106,▐уЄ╚р┴∙ж,?▀┌г║?▐ук╬у┴ э╗▌┬к╬ё╒┌┬кмг▓█├к╦к╩кыбгк▐к┐?▐ук╬л└лс?л╕кЄсЇк▒к╩кдбг
107,рь╬├,?▀┌г║╨┐╬├к╬у┴ э╗▌┬к╬ё╒┌┬кмг▓█├к╦к╩кыбг
108,лвлжлэлщк╬ы┌?,?▀┌г║╨┐╬├к╬у┴ ▀д█┴кмг▒.г╡█├к╦к╩къ ?л┐?лєг╚г╨км№▐▄╓к╣кыбг
109,╬├к╬лл?л╞лє,?▀┌г║╨┐╬├к╬у┴ √ш??ў╛к╦к╩кщк║ л┐?лєЁ√╓їу┴к╦?ў╛ь╢▀╚км№▐▄╓к╣кыбг
110,┘Ўёщ·╝,?▀┌г║╥╪┘Ўк╬у┴ э╗▌┬к╬ё╒┌┬кмг▓█├к╦к╩кыбг
111,╨Їуй?█Ў,?▀┌г║╥╪┘Ўк╬у┴ э╗▌┬к╬▀д?кмг▒.г╡█├к╦к╩кыкм ?л┐?лєл└лс?л╕кЄсЇк▒кыбг
112,┘Ў?кь,?▀┌г║╥╪┘Ўк╬у┴ ▀╙твк╬л╣лнлыкЄклкяк╖кфк╣кпк╩кыбг
113,?╘│сєяс,?▀┌г║?к╬у┴ э╗▌┬к╬▀д??▀д█┴кмг▒.г╡█├к╦к╩кыбг
114,??°┴у¤,?▀┌г║?к╬у┴ ?ў╛ь╢▀╚к╦к╩кщк║ ?л┐?лєг╚г╨км№▐▄╓к╣кыбг
115,с│¤╠Єн,?▀┌г║?к╬у┴ єв█┴кмг▒.г╡█├к╦к╩къ ?л┐?лєг╚г╨км№▐▄╓к╣кыбг
116,NULL,NULL
117,юяЇ╕¤ж·■,√╗кдк╦ к╣к┘к╞к╬?▀┌к╬ чп·┬кЄсЇк▒к╩кдбг
118,Ї╕?х°▄├,NULL
119,┘э?э╗ц╘,NULL
120,фск╬ы¤,╬├к╦х░кп л└лс?л╕кЄ сЇк▒кыбгфскЄ¤х?к╖ г╚г╨км№▐▄╓к╣кыбг
121,?х│╩л,▐┼к├к┐?у▐∙бкЄЎвкъ?к╣к│к╚кмквкыбг?▀┌г║?к╬у┴ ∙▒к║Ўвкъ?к╣бг
122,NULL,NULL
123,ц╫ки═укыё╣,?къг╚г╨кмг▒/г│ьд∙╗к╬у┴ ц·?рїк╬ъ╬╒Їкм▀╛кмкыбг
124,ц╜?кпєя,?къг╚г╨кмг▒/г│ьд∙╗к╬у┴ тй?рїк╬ъ╬╒Їкм▀╛кмкыбг
125,╪Ёф┤к╣кыЎи,?къг╚г╨кмг▒/г│ьд∙╗к╬у┴ э╗ц╘?рїк╬ъ╬╒Їкм▀╛кмкыбг
126,№╪?к╩кы?ў╧,?къг╚г╨кмг▒/г│ьд∙╗к╬у┴ ╙▐Єв?рїк╬ъ╬╒Їкм▀╛кмкыбг
127,╠▒╓як╩кы╦╝,?къг╚г╨кмг▒/г│ьд∙╗к╬у┴ ╦╝??рїк╬ъ╬╒Їкм▀╛кмкыбг
128,Ўгкн№╪к╓╪Ё?,?къг╚г╨кмг▒/г│ьд∙╗к╬у┴ ∙ж?рїк╬ъ╬╒Їкм▀╛кмкыбг
129,╬▐кпч╘ф╠,?къг╚г╨кмг▒/г│ьд∙╗к╬у┴ ╓Ї?рїк╬ъ╬╒Їкм▀╛кмкыбг
130,уъ?к╖кн√Ў,?къг╚г╨кмг▒/г│ьд∙╗к╬у┴ ╬├?рїк╬ъ╬╒Їкм▀╛кмкыбг
131,фвц╨к╩кы?,?къг╚г╨кмг▒/г│ьд∙╗к╬у┴ фс?рїк╬ъ╬╒Їкм▀╛кмкыбг
132,№б?к╖кнэ╣?,?къг╚г╨кмг▒/г│ьд∙╗к╬у┴ ┘в?рїк╬ъ╬╒Їкм▀╛кмкыбг
133,╘╕?к╖кн?э╣,?къг╚г╨кмг▒/г│ьд∙╗к╬у┴ ╘╕?рїк╬ъ╬╒Їкм▀╛кмкыбг
134,╦з╦эк╩кы▀гЎг,?къг╚г╨кмг▒/г│ьд∙╗к╬у┴ ??рїк╬ъ╬╒Їкм▀╛кмкыбг
135,фЄ╪▄┘╝√╒к╩┘└╙б,?къг╚г╨кмг▒/г│ьд∙╗к╬у┴ №│?рїк╬ъ╬╒Їкм▀╛кмкыбг
136,┘░къ·┬кп√╓,?къг╚г╨кмг▒/г│ьд∙╗к╬у┴ ых?рїк╬ъ╬╒Їкм▀╛кмкыбг
137,шрк╩кы▌·,?къг╚г╨кмг▒/г│ьд∙╗к╬у┴ шр?рїк╬ъ╬╒Їкм▀╛кмкыбг
138,√¤к╬ы┌?,ц·?рїк╬л╣лнлыкЄ┘э?√∙к╖ г╚г╨км№▐▄╓к╣кыбг
139,тйк╬?к▀,тй?рїк╬л╣лнлыкЄ┘э?√∙к╖ г╚г╨км№▐▄╓к╣кыбг
140,э╗ц╘к╬╒Ї,э╗ц╘?рїк╬л╣лнлыкЄ┘э?√∙к╖ ▀д?кмьщ╙л═н▀╛кмкыбг
141,лилвлпл├л╖лчлє,╙▐Єв?рїк╬л╣лнлыкЄ┘э?√∙к╣кыбгц╜∙жк╟кт╘▒к▓кщкькыбгл▌лдл║лє?л▐лдлєл╚лщл├л╫к╬?═¤кЄсЇк▒к╩кдбг
142,хз╤╤т·,╦╝??рїк╬л╣лнлыкЄ┘э?√∙к╖ єв?кмьщ╙л═н▀╛кмкыбг
143,тў∙ж?█ю,∙ж?рїк╬л╣лнлыкЄ┘э?√∙к╖ ё╒┌┬кмьщ╙л═н▀╛кмкыбг
144,я│э╕ып╙Ї,╓Ї?рїк╬л╣лнлыкЄ┘э?√∙к╖ ▀д?кмьщ╙л═н▀╛кмкыбг
145,¤х╬├,╬├?рїк╬л╣лнлыкЄ┘э?√∙к╖ ▀д?кмьщ╙л═н▀╛кмкыбг
146,л═лмл╞лгл╓лк?лщ,фс?рїк╬л╣лнлыкЄ┘э?√∙к╖ єв?кмьщ╙л═н▀╛кмкыбг
147,х┘?усфц,┘в?рїк╬л╣лнлыкЄ┘э?√∙к╖ г╚г╨км№▐▄╓к╣кыбг
148,щ─╒с?с·,╘╕?рїк╬л╣лнлыкЄ┘э?√∙к╖ г╚г╨км№▐▄╓к╣кыбгл▌лдл║лєл╚лщл├л╫к╬?═¤кЄсЇк▒к╩кдбг╘╕к╬┌╗╓╪к╟кт╘▒к▓кщкькыбг
149,╙╣ь╤к╬?°дкн,??рїк╬л╣лнлыкЄ┘э?√∙к╖ єв?кмьщ╙л═н▀╛кмкыбг
150,?кыкмк╠у¤,№│?рїк╬л╣лнлыкЄ┘э?√∙к╖ ?ў╛ь╢▀╚кЄ№▐▄╓к╣кыбг
151,¤хых,ых?рїк╬л╣лнлыкЄ┘э?√∙к╖ єв?к╚▀д?кмьщ╙л═н▀╛кмкыбг
152,╘╥Ёр,шр?рїк╬л╣лнлыкЄ┘э?√∙к╖ ?ў╛ь╢▀╚кЄ№▐▄╓к╣кыбг
153,х╒к╬?Єї,╓Ї?╬├?№│?рїк╬л╣лнлык╟к╬∙мл└лс?л╕кЄ?╩їк╖ э╗▌┬к╬ё╒┌┬кмьщ╙л═н▀╛к▓кыбг
154,ыфк╬?Єї,фс?┘в?╘╕?рїк╬л╣лнлык╟к╬∙мл└лс?л╕кЄ?╩їк╖ э╗▌┬к╬ё╒┌┬кмьщ╙л═н▀╛к▓кыбг
155,▀╙┌уэ┬щ─,╬├?фс?рїк╬л╣лнлык╟к╬∙мл└лс?л╕кЄ┌т╩їк╣кыбг
156,═ьЄ╔,ых?рїк╬л╣лнлыкЄсЇк▒к┐у┴ ▀д?кмьщ╙л═н▀╛кмкыбг
157,э╗?,┘в?рїк╬л╣лнлыкЄ┘э?√∙к╖ єв?кмьщ╙л═н▀╛кмкыбг
158,▀╚у█ўЄкъ,▀╙рїк╟┘э?к╦к╡кькыл╣лнлыкт ▀╙твк╦?к┐кыбг
159,г┴г┬г╠г▒г╡г╣,NULL
160,чп▄юкд,▀╙твк╧ ╬▀╙█к╟кнк╩кпк╩кыбг
161,л╨л╚лыл▐л╦лв,??рїк╬▀╙твк╧ ╬▀╙█к╟кнк╩кпк╩кыбг
162,ц╜∙ж,∙ж?рїьдштк╬▀╙твк╧ ╬▀╙█к╟кнк╩кпк╩кыбг
163,г┴г┬г╠г▒г╢г│,NULL
164,┘э√бё¤·■,NULL
165,хЎ√¤ё¤·■,э╗▌┬км▐┼кж┘э?рїк╬л╣лнлыкм ц·?рїк╦к╩къ ?л└лс?л╕кмг▒.г│█├к╦к╩кыбг
166,?╫╡ё¤·■,э╗▌┬км▐┼кж┘э?рїк╬л╣лнлыкм тй?рїк╦к╩къ ?л└лс?л╕кмг▒.г│█├к╦к╩кыбг
167,∙жъ┼ё¤·■,э╗▌┬км▐┼кж┘э?рїк╬л╣лнлыкм э╗ц╘?рїк╦к╩къ ?л└лс?л╕кмг▒.г│█├к╦к╩кыбг
168,№╪?ё¤·■,э╗▌┬км▐┼кж┘э?рїк╬л╣лнлыкм ╙▐Єв?рїк╦к╩къ ?л└лс?л╕кмг▒.г│█├к╦к╩кыбг
169,╠у╦╝ё¤·■,э╗▌┬км▐┼кж┘э?рїк╬л╣лнлыкм ╦╝??рїк╦к╩къ ?л└лс?л╕кмг▒.г│█├к╦к╩кыбг
170,°ь∙жё¤·■,э╗▌┬км▐┼кж┘э?рїк╬л╣лнлыкм ∙ж?рїк╦к╩къ ?л└лс?л╕кмг▒.г│█├к╦к╩кыбг
171,╓Ї┘░ё¤·■,э╗▌┬км▐┼кж┘э?рїк╬л╣лнлыкм ╓Ї?рїк╦к╩къ ?л└лс?л╕кмг▒.г│█├к╦к╩кыбг
172,╬├┘её¤·■,э╗▌┬км▐┼кж┘э?рїк╬л╣лнлыкм ╬├?рїк╦к╩къ ?л└лс?л╕кмг▒.г│█├к╦к╩кыбг
173,фсхиё¤·■,э╗▌┬км▐┼кж┘э?рїк╬л╣лнлыкм фс?рїк╦к╩къ ?л└лс?л╕кмг▒.г│█├к╦к╩кыбг
174,▐▌?ё¤·■,э╗▌┬км▐┼кж┘э?рїк╬л╣лнлыкм ┘в?рїк╦к╩къ ?л└лс?л╕кмг▒.г│█├к╦к╩кыбг
175,╘╕?ё¤·■,э╗▌┬км▐┼кж┘э?рїк╬л╣лнлыкм ╘╕?рїк╦к╩къ ?л└лс?л╕кмг▒.г│█├к╦к╩кыбг
176,??ё¤·■,э╗▌┬км▐┼кж┘э?рїк╬л╣лнлыкм ??рїк╦к╩къ ?л└лс?л╕кмг▒.г│█├к╦к╩кыбг
177,?чпё¤·■,э╗▌┬км▐┼кж┘э?рїк╬л╣лнлыкм №│?рїк╦к╩къ ?л└лс?л╕кмг▒.г│█├к╦к╩кыбг
178,ё┤?ё¤·■,э╗▌┬км▐┼кж┘э?рїк╬л╣лнлыкм ых?рїк╦к╩къ ?л└лс?л╕кмг▒.г│█├к╦к╩кыбг
179,шр╨┐ё¤·■,э╗▌┬км▐┼кж┘э?рїк╬л╣лнлыкм шр?рїк╦к╩къ ?л└лс?л╕кмг▒.г│█├к╦к╩кыбг
180,∙ў?Єек┴,╘╕?╪э╘╕?ў╛к╦к╩кщк╩кдбг
181,у¤╘щ╪■╩┐,√¤▀┐?╙▐√¤▀┐?ў╛к╦к╩кщк╩кдбг
182,№└?,я╬Єн?ў╛к╦к╩кщк╩кдбг
183,▄Ї╘╤к╬╧░ки,?Ёд╬▀╙█к╡к╗кщкьк║ ╠ек▐к╩кдбг
184,к╖к╩кфклк╩?,╪л▌Ў?╩яя│?ў╛к╦к╩кщк╩кдбг
185,?Ї╕╩л,√ш??ў╛к╦к╩кщк╩кдбг
186,╒╥?Ў╪є╖,?√∙л╣лнлыкЄ▄цк╕кщкьк╩кдбг
187,э╗ыж▌╞█п,·╝╘╤кЄЁд∙┌к╡кьк╩кдбг
188,г┴г┬г╠г▒г╕г╕,NULL
189,═ь┘░,?ў╛ь╢▀╚к╦к╩к├к┐у┴ ▀╙твкт╘╥к╕ ?ў╛ь╢▀╚к╦к╣кыбг
190,ЄЁ∙ж,?ў╛ь╢▀╚к╬у┴ ё╒┌┬кмг▒.г╡█├к╦к╩кыбг╪л▌Ў?ў╛к╟кт┌┬Ї▀кмю╕∙╗к╖к╩кдбг
191,▐▌с·,?ў╛ь╢▀╚к╬у┴ єв█┴кмг▒.г╡█├к╦к╩кыбг
192,▐▌к╦┌к╬╩кд,╘╕?╪э╘╕?ў╛к╬у┴ єв?кмг▒.г╡█├к╦к╩кыбг
193,?╘╕??,╘╕?╪э╘╕?ў╛к╬у┴ ?л┐?лєг╚г╨км№▐▄╓к╣кыбг╘╕к╬┌╗╓╪к╟кт╘▒к▓кщкькыбг
194,·ь?р№кє,я╬Єн?ў╛клкщк╬▄╓?л┐?лєкм┌т▌┬к╦к╩кыбг
195,г┴г┬г╠г▒г╣г╡,NULL
196,▐═?ш┌р№,NULL
197,лслєл╞л╩лєл╣,?л┐?лєЁ√╓їу┴к╦г│∙▄к╬№мсук╟?ў╛ь╢▀╚кЄ№▐▄╓к╣кыбг
198,у¤ф╤,?ў╛ь╢▀╚к╬у┴ єв?кмг▒.г╡█├к╦к╩кыбгф▐фс?ў╛к╟ктєв?кмю╕∙╗к╖к╩кдбг
199,ъ╬?▐╥?,э▐к╦їєк┐у┴ ▀╙твк╬▀д?кЄьщ╙л═н∙╗к▓кыбг
200,ц╒╪нюў╦╥,э▐к╦їєк┐у┴ ▀╙твк╬єв?кЄьщ╙л═н∙╗к▓кыбг
201,ўсчп,э▐к╦їєк┐у┴ ▀╙твк╚╘╥к╕лвл╙лъл╞лгк╦к╩кыбг
202,??,э▐к╦їєк┐у┴ ▀╙твк╬╥Ў╒ЇкЄ╠╕к╞єв??▀д?к╬к╔к┴кщклкЄьщ╙л═н▀╛к▓кыбг
203,Ёп╫┐╩я,э▐к╦їєк┐у┴ ▀╙твкм?рї╠┐═гкЄ╬╗ў╫к╣кыл╣лнлыкЄЄек├к╞кдкыклк╔кжклкяклкыбг
204,?у¤,NULL
205,Ё─┘═,э▐к╦їєк┐у┴ ▀╙твк╬лвл╙лъл╞лгк╚ ?у▐∙бкмкяклкыбг
206,╠╦╨Їэ║,NULL
207,г┴г┬г╠г▓г░г╖,NULL
208,чщ▌┬к╬ыЄЄв,ъ╬╒Їг╣г░ьд▀╛к╬л╣лнлык╪ ?╪нкЄ?к┴┌ўк╣бг
209,ь╫═¤?▄├,ъ╬╒Їг╣г░ьд▀╛к╬л╣лнлык╪ ?╪нкЄ?к┴┌ўк╣бг
210,▄╓т┬к╬√∙ує,ъ╬╒Їг╖г░ьд▀╛к╬л╣лнлык╟э╗уєкм??▄Ї╥Ўк╦к╩к├к┐к╚кн ?╪нкЄ?к┴┌ўк╣бг
211,╘╕к╬э╝,═Ї?л╣лнлыкЄсЇк▒к┐к╚кн г│∙▄к╬№мсук╟▀╙твкЄ╘╕?ў╛к╦к╣кыбг
212,г┴г┬г╠г▓г▒г▓,NULL
213,√¤ц·к╬ы¤,═Ї?л╣лнлыкЄсЇк▒к┐к╚кн г│∙▄к╬№мсук╟▀╙твкЄ√¤▀┐?ў╛к╦к╣кыбг
214,?я│,═Ї?л╣лнлыкЄсЇк▒к┐к╚кн г│∙▄к╬№мсук╟▀╙твкЄ╩яя│?ў╛к╦к╣кыбг
215,√ш?ып?,═Ї?л╣лнлыкЄсЇк▒к┐к╚кн г│∙▄к╬№мсук╟▀╙твкЄ√ш??ў╛к╦к╣кыбг
216,??,═Ї?л╣лнлыкЄсЇк▒к┐к╚кн г│∙▄к╬№мсук╟▀╙твкЄсёх░?ў╛к╦к╣кыбг
217,фск╬╒Ї,євёщл╣лнлыкЄсЇк▒к┐к╚кн г▒∙▄к╬№мсук╟▀╙твкЄф▐фс?ў╛к╦к╣кыбг
218,?э║к╬┌░с┼,?▀дл╣лнлыкЄсЇк▒к┐к╚кн г▒∙▄к╬№мсук╟▀╙твкЄ═Ё°╫?ў╛к╦к╣кыбг
219,г┴г┬г╠г▓г▒г╣,NULL
220,█к·к?█Ў,ъ╬╒Їг╕г░ьд▀╛к╬л╣лнлыкЄсЇк▒к┐у┴ ▀╙твк╬ё╒┌┬кЄьщ╙л═ню╕∙╗к╡к╗кыбг
221,?сз▌┌к╖,л╣лнлыкЄ?рї╠┐═гк╟Ёцкєк└у┴ ▀╙твк╬єв?кЄьщ╙л═ню╕∙╗к╡к╗кыбг
222,??,═Ї?л╣лнлыкЄ?рї╠┐═гк╟Ёцкркл ┘э?к╦к╖к┐у┴ ▀╙твк╬єв??▀д?к╬кжк┴ ??к╖к┐╥Ў╒ЇкЄьщ╙л═ню╕∙╗к╡к╗кыбг
223,╫ю╩р,NULL
224,?╒й,NULL
225,г┴г┬г╠г▓г▓г╡,NULL
226,╩яц°ё°,ъ╬╒Їг╣г╡ьд∙╗к╬ л╣лнлыкЄ╦┐к╖к╞ ╩яц°ё°кЄ?к▓кыбг
227,г┴г┬г╠г▓г▓г╖,NULL
228,лв?л▐?л╤?л╕,євёщл╣лнлыкЄсЇк▒к┐у┴ єв█┴кмьщ╙л═н∙╗кмкъ єв?к╚ё╒┌┬кмьщ╙л═н▀╛кмкыбг
229,г┴г┬г╠г▓г▓г╣,NULL
230,г┴г┬г╠г▓г│г░,NULL
231,╘╫є╠╒Ї,ў╘╓нк╩ьщ?км к╟кфк╣кпк╩кыбг
232,ю├кд?к┴,ў╘╓нк╩ьщ?к╬ ъ╬╒Їкм▀╛кмкыбг
233,г┴г┬г╠г▓г│г│,NULL
234,??Єек┴,ў╘╓нк╩ьщ?кЄсЇк▒к┐у┴ єв?кмї╠╙▐к▐к╟▀╛кмкыбг
235,г┴г┬г╠г▓г│г╡,NULL
236,┌у╘╤▀╙▀п,┌у╘╤л╣лнлык╬ ┌у╘╤л└лс?л╕кЄсЇк▒к╩кдбг
237,▄Їрнує┘д,┌у╘╤л╣лнлык╬?л└лс?л╕кмг▒.г▓█├к╦к╩кыбг
238,г┴г┬г╠г▓г│г╕,NULL
239,г┴г┬г╠г▓г│г╣,NULL
240,г┴г┬г╠г▓г┤г░,NULL
241,г┴г┬г╠г▓г┤г▒,NULL
242,г┴г┬г╠г▓г┤г▓,NULL
243,г┴г┬г╠г▓г┤г│,NULL
244,г┴г┬г╠г▓г┤г┤,NULL
245,Єек┴▌пкь,Єек├к╞кдкы?у▐∙бк╬ ?═¤кЄсЇк▒к╩кдбг
246,ує?,Єек├к╞кдкы?у▐∙бкмк╩кпк╩к├к┐у┴ ё╒┌┬кмг▓█├к╦к╩кыбг
247,╫№╤ж??,NULL
248,╨ящ─к╩твр╗,NULL
249,??█■,?у▐∙бкм┘экду┴к╦═Ї?л╣лнлыкЄ?к╞кык╚ ▀╙твк╬?у▐∙бкЄўмкжбг
250,?єв█■,?у▐∙бкм┘экду┴к╦═Ї?л╣лнлыкЄ?к╞кык╚ ▀╙твк╬?у▐∙бкЄўмкжбг Єек├к╞кдкы?у▐∙бкЄк╚кщкьк╩кдбг
251,г┴г┬г╠г▓г╡г▒,NULL
252,ъ╬?,√╗кдк╬ь╤√бк╧ ьщ▌╗к╬?у▐∙бкм▐┼кик╩кпк╩кыбг
253,у¤█╒рї,г╚г╨км┌т▌┬к╦к╩к├к┐у┴ ▌мкЄ▐┼кжбг
254,г┴г┬г╠г▓г╡г┤,NULL
255,?уй,═Ї?л╣лнлыкЄ▐┼щ─к╖к┐у┴ г▒∙▄к╬№мсук╟▀╙твкЄ╠ек▐к╗кыбг
256,л▌лдл║лєл▄л╟лг,═Ї?л╣лнлыкЄ▐┼щ─к╖к┐у┴ г│∙▄к╬№мсук╟▀╙твкЄ╘╕?ў╛к╦к╣кыбг
257,·╣ъб,л╣лнлык╬ї┌╩е?═¤к╬?╘╤№мсукмг▓█├к╦к╩кыбг
258,╘═╬╗,№мсук╟?▀цк╣кыї┌╩е?═¤к╬квкыл╣лнлык╬?л└лс?л╕кмг▒.г│█├к╦к╩кыкм ї┌╩е?═¤км?╘╤к╖к╩кпк╩кыбг
259,г┴г┬г╠г▓г╡г╣,NULL
260,ьщу¤▄Ї?,NULL
261,╩е√▐,▀╙твк╬л╣лнлы?лвл╙лъл╞лгк╟╥Ў╒ЇкЄ∙╗к▓кщкьк╩кдбг
262,▌╢к▒к║·юкд,╥Ў╒ЇкЄ∙╗к▓кщкькык╚ єв?кмьг╙л═н▀╛кмкыбг
263,л▌л╕л╞лгл╓,╥Ў╒ЇкЄ∙╗к▓кщкькык╚ ▀д?кмьг╙л═н▀╛кмкыбг
264,∙╗╨╗▀╛,╥Ў╒Ї?√∙кмц╜?к╣кыбг
265,√┤ф╤,ё╒┌┬ьдштк╬ ▀╙твк╬╥Ў╒Ї?√∙кЄ┘эу╩к╣кыбг
266,г┴г┬г╠г▓г╢г╢,NULL
267,?к├к╤кщкд,╓з?к╖к╞·╝╘╤к╟кнк╩кдбг▀╙твк╬лвл╙лъл╞лгкЄ┘эу╩к╖к╞═Ї?к╟кнкыбг
268,х∙ыо,г╡л┐?лєк╬╩р ?▀дл╣лнлык╬?л└лс?л╕к╚ё╒┌┬км┌т▌┬к╦к╩кыбгг╡л┐?лє¤нк╦▄т?кЄїєк╣бг
269,Ї╕Є┼к╬?я┘э║,г╚г╨км┌т▌┬ьд∙╗к╬у┴ єв?к╚▀д?км┌т▌┬к╦к╩кыбг
270,г┴г┬г╠г▓г╖г░,NULL
271,л╣лэ?л╞лєл▌,¤н═Їк╦к╩кыклкякък╦ л╣лнлык╟к╬∙мл└лс?л╕кмг░.г╣█├к╦к╩кыбг
272,√┐╨Їу¤,?√∙л╣лнлык╬щ╨р╗╙°км+г▒к╡кькыбг
273,?∙╦,▀д?кмг▒.г╡█├к╦к╩кыкм ?▀дл╣лнлык╬┘дёщкмг░.г╕█├к╦к╩кыбг
274,ю─┘ыэ║,єв?кмг▒.г╡█├к╦к╩кыкм євёщл╣лнлык╬┘дёщкмг░.г╕█├к╦к╩кыбг
275,▌╟уЎ,?▀дл╣лнлык╬?л└лс?л╕кмг▓█├к╦к╩кыбг
276,г┴г┬г╠г▓г╖г╢,NULL
277,г┴г┬г╠г▓г╖г╖,NULL
278,╪╨ъ└,л╣лнлык╬┘дёщкмг▒.г│█├к╦к╩кыбг
279,╠╜?,√╗кдк╬л╣лнлыкм∙▒к║?к┐кыбг
280,яё┌╦▐╥?,▀╙твк╦┘дёщкЄ∙╗к▓кщкьк║ №▐∙нкЄ┘эу╩к╖к╞═Ї?к╟кн ∙▒к║?к┐кыл╣лнлык╬?л└лс?л╕кмг▒.г╡█├к╦к╩кыбг
281,г┴г┬г╠г▓г╕г▒,NULL
282,Ї╢?╪▓√∙,э╗▌┬кмл╣лнлыкЄїєк╣Є┴юёк╦ к╜к╬л╣лнлык╬?рїк╦к╩кыбг
283,ыЇў╛,NULL
284,шэ╬╓?√∙,▄мк╬ь╤√бк╬эмк╦?уєк╖к╞ ╘Їэ▐к╣кыбгл└лс?л╕кЄсЇк▒кык╚ъкк╦?кыбг
285,г┴г┬г╠г▓г╕г╡,NULL
286,¤нк╬р╗,¤н═Їк╟═Ї?к╖к┐у┴ л╣лнлык╬?л└лс?л╕кмг▒.г│█├к╦к╩кыбг
287,Ў┘ўт?т·,▀╙твк╬э▐к╬█·?л╨лълвлкл╫л╖лчлєкЄ┘эу╩к╖к╞ ═Ї?к╟кнкыбг
288,ьщ?▐╥?,г▓вжг╡№▐═Ї?к╬л╣лнлыкм ∙▒к║г╡№▐?к┐кыбг
289,╘ЁыЄ▌┬хп,?рїьщЎ╚л╣лнлык╬?л└лс?л╕км╙▐кнкдбг
290,▐═?·╛▀╛,▀╙твкЄ╙юк╖к┐у┴ єв?кмьщ╙л═н▀╛кмкыбг
291,▄▓█Ўэ║,ъ╬╒Їг╢г░ьд∙╗к╬л╣лнлык╬?л└лс?л╕кмг▒.г╡█├к╦к╩кыбг
292,═Їкс▀╛тв,л╣лнлыкЄ?рї╠┐═гк╦Ёцк▐кьк┐у┴ ?л└лс?л╕кмг▓█├к╦к╩кыбг
293,??┘э?,▀╙твк╬лвл╙лъл╞лгкЄ┘эу╩к╖к╞ ═Ї?к╟кнкыбг
294,лвл├л╫л╞лєл▌,?л┐?лє ё╒┌┬кмьщ╙л═н▀╛кмкыбг
295,▄Ї╧▌,ьщ?к╟??▄Ї╥Ўк╦к╩кщк╩кдбгў╘╓нк╩ьщ?кЄсЇк▒к╩кдбг
296,ш╫?,ьщ?к╟??▄Ї╥Ўк╦к╩кщк╩кдбг√╗кдк╦ьщ▌╗к╬л╣лнлыкЄ▐┼кик╩кпк╩кыбг
297,ь╥ш▌╪бк┴,л╣лнлык╬л└лс?л╕ьдштк╬л└лс?л╕кЄсЇк▒к╩кдбг
298,№│√у,?рї╠┐═гкЄ╬╗ў╫к╡кьк┐л╣лнлык╟к╬∙мл└лс?л╕кЄ?╩їк╣кыбг
299,?╨с?Ў╟,твЄек┴к╦?к├к┐у┴ ?ў╛ь╢▀╚кЄ№▐▄╓к╣кыбг
300,Ў╜ыи╒Ї,твЄек┴к╦?к├к┐у┴ ї╠╙▐г╚г╨к╬г▒/г│№▐▄╓к╣кыбг
301,▄Їў▄?,?Ёд╬▀╙█к╡к╗кщкьк║ ╠ек▐к╩кдбг
302,л╘?л╣л╒лы,хп╒▐ь╤√бк╚к╬??клкщ∙▒к║╘▒к▓кщкькыбг╧мс╓л╣лнлы?лвл╙лъл╞лгклкщ╘▒к▓кщкькыбг
303,?╘╕?№╡,¤х?л╣лнлыкЄсЇк▒к┐у┴ ▀╙твк╧№▐▄╓к╗к║к╜к╬▌┬к╬л└лс?л╕кЄсЇк▒кыбг╘╕к╬┌╗╓╪к╟кт╘▒к▓кщкькыбг
304,ё▒ю╠┌ўк╖,?√∙л╣лнлыкЄсЇк▒к┐у┴ к╜к╬?═¤кЄ▀╙твк╦╘пк═┌ўк╣бг
305,л▌?лл?л╒лзлдл╣,л╣лнлык╬ї┌╩е?═¤кЄсЇк▒к╩кдбг
306,°вЄбк╬╠Ё,г╚г╨км?л┐лєк╬у┴ л╣лнлык╟к╬∙мл└лс?л╕кЄ┌т╩їк╣кыбг
307,?▌┬шй,?л┐?лєЁ√╓їу┴к╦кдк║кьклк╬╥Ў╒Їкмьг╙л═н▀╛кмкъ Ўтк╬кдк║кьклк╬╥Ў╒Їкмьщ╙л═н∙╗кмкыбг
308,▄ц▀п,═Ї?кЄсЇк▒к┐у┴ г│∙▄к╬№мсук╟сЇк▒к┐л╣лнлыкЄ▄цк╕к│кскыбг
309,╫т▄Ї?,▀╙твк╬л╣лнлык╬с╝▐иг╙г╨кмг▒?кикыбг
310,кфкъЁ█къ▀╛тв,л╣лнлыкф?у▐∙бк╬?═¤к╦кшкы╥Ў╒Ї?√∙кмг▓█├к╦к╩кыбг
311,л╧лпл┐лп√∙,г╚г╨км┌т▌┬ьд∙╗к╦к╩кык╚эмк╚╥Ў╒Їкм ?кякыбг
312,г┴г┬г╠г│г▒г▓,NULL
313,?х░?Єї,?рї╠┐═гкЄ╬╗ў╫к╖к╩кд═Ї?л╣лнлыкЄ┘э?к╦к╣кыбг
314,Ї╕ы¤┘э▄ю,?ў╛?√∙??ў╛ь╢▀╚?╥Ў╒Їю╕∙╗л╣лнлык╦?к╖к╞ №▐∙нсукм▀╛кмкыбг
315,ўхти█┴█·,євёщл╣лнлык╟к╬∙мл└лс?л╕км┌т▌┬к╦к╩кыбг
316,лк?л╚л╥?лълєл░,?л┐?лєг╚г╨км№▐▄╓к╣кыбг?ў╛ь╢▀╚к╬у┴к╧№▐▄╓к╖к╩кдбг
317,Ўшк┴їєк╬с│ў┘,євёщл╣лнлык╦кшкы?л└лс?л╕кмг▓█├к╦к╩къ ∙мл└лс?л╕км┌т▌┬к╦к╩кыбг
318,р°кЄ╠╕кыь╤,к╣к┘к╞к╬?▀┌у╖╘╤л╣лнлык╬??л┐?лєкмч╡?к╦к╩кыбг
319,у┴кЄ╠╕кыь╤,к╣к┘к╞к╬Єв▀╙у╖╘╤л╣лнлык╬??л┐?лєкмг╕л┐?лєк╦к╩кыбг
320,╠╤═гк╪к╚Є╕кы▄╗,к╩кєкщклк╬?▀┌к╬у┴ єв??єв█┴?▀д??▀д█┴кмг▓█├к╦к╩кыбг
321,╠┐═гк╬с·√▐,к╩кєкщклк╬Єв▀╙к╬у┴ єв█┴?▀д█┴кмг▓█├к╦к╩къ ?л┐?лє?ў╛ь╢▀╚км№▐▄╓к╖ ▀╙твк╦л└лс?л╕кЄ ?кикыбг
322,г┴г┬г╠г│г▓г▓,NULL
323,▌┴█░к╬Єв╪ц,Єв▀╙г║·▄┘ык╬у┴ ё╒┌┬км┌т▌┬к╦к╩кыбг
324,╤ї█░к╬Єв╪ц,Єв▀╙г║ё╣э═к╬у┴ ё╣э═к╬?═¤кЄсЇк▒к║ ?л┐?лєЁ√╓їу┴к╦г╚г╨кмс┤к╖№▐▄╓к╣кыбг
325,рд█░к╬Єв╪ц,Єв▀╙г║█▄√█к╬у┴ ┘дёщг▒г░г░к╬л╣лнлык╬?л└лс?л╕кмг▒.г▓█├ ∙▒к║?к┐кыл╣лнлык╬?л└лс?л╕кмг▒.г╡█├к╦к╩кыбг
326,╘╘█░к╬Єв╪ц,Єв▀╙г║?╫гк╬у┴ ┘э?к╦к╡кькыл╣лнлыкм?к┐кыкшкжк╦к╩къ ?рїьщЎ╚л╣лнлык╬?л└лс?л╕км═╘кпк╩кыбг
327,ёщфчк╬Єв╪ц,Єв▀╙г║?╫гк╬у┴ ?у▐∙бк╬?═¤км┘э?к╦к╩кщк║ ▀╙твк╬╥Ў╒ЇлщлєлпкЄ┘эу╩к╣кыбг
328,·▄Ёиё¤тй,Єв▀╙г║·▄┘ык╬у┴ тй?рїл╣лнлык╬?л└лс?л╕кмг▒.г╡█├к╦к╩къ ╙▐Єв?рїл╣лнлык╟к╬∙мл└лс?л╕кЄ┌т╩їк╣кыбг
329,юхЁиё¤√¤,Єв▀╙г║ё╣э═к╬у┴ ц·?рїл╣лнлык╬?л└лс?л╕кмг▒.г╡█├к╦к╩къ тй?рїл╣лнлык╟к╬∙мл└лс?л╕кЄ┌т╩їк╣кыбг
330,█▄Ёиё¤╤╤,Єв▀╙г║█▄√█к╬у┴ ╦╝??рїл╣лнлык╬?л└лс?л╕кмг▒.г╡█├к╦к╩къ ц·?рїл╣лнлык╟к╬∙мл└лс?л╕кЄ┌т╩їк╣кыбг
331,єяЁиё¤┘╩,Єв▀╙г║?╫гк╬у┴ э╗ц╘?рїл╣лнлык╬?л└лс?л╕кмг▒.г╡█├к╦к╩къ ╦╝??рїл╣лнлык╟к╬∙мл└лс?л╕кЄ┌т╩їк╣кыбг
332,?Ёиё¤ў╧,Єв▀╙г║?╫гк╬у┴ ╙▐Єв?рїл╣лнлык╬?л└лс?л╕кмг▒.г╡█├к╦к╩къ э╗ц╘?рїл╣лнлык╟к╬∙мл└лс?л╕кЄ┌т╩їк╣кыбг
333,р╗тв∙▒ун,╘Їэ▐к╖к╞клкщї╠Ї°к╬л┐?лєк╦ ё╒┌┬кмг▒.г╡█├к╦к╩кыбг
334,л╒лб?л╣л╚л╥л├л╚,╘Їэ▐к╖к╞клкщї╠Ї°к╬л┐?лєк╦р╗Ёдк╬э▐∙ъ л╣лнлык╬?л└лс?л╕кмг▒.г▓█├к╦к╩кыбг
335,╠╕╨┐кс,▀╙твк╬лвл╙лъл╞лгк╦кшкы л╣лнлык╬л└лс?л╕к╬?√∙кмк╩кпк╩кыбг
336,?с╓?╒╘,л╣лнлыкмшткьк┐у┴ ┘дёщкмьщ╙л═нквкмкыбг
337,╨┐∙┌,▐╡▐▌к╬у┴ ё╒┌┬кмг│█├к╦к╩къ л╣лнлык╬?л└лс?л╕кмг▒.г│█├к╦к╩кыбг
338,┘э?√∙,▀╙твк╬лвл╙лъл╞лгкЄк╩кпк╣бг
339,л╫лщлдл╔,?ў╛ь╢▀╚к╬у┴ ▀д?кмг▒.г╡█├к╦к╩кыбг═Ё°╫?ў╛к╟кт▀д?кмю╕∙╗к╖к╩кдбг
340,Є┴╩я,щ╨р╗╙°км═╘кдл╣лнлыкЄ┘э?√∙к╣кыбг
341,л╒лщл├л╚л╣л╘?л╔,√╗кдк╬щ╨р╗╙°км═╘кдл╣лнлык╬щ╨р╗╙°кЄг░к╦к╣кыбг
342,═╚твыЄу█,√╗кдк╬?рї▄ЇьщЎ╚л╣лнлык╬?л└лс?л╕кмс│к╡кпк╩кыбг
343,Ё─╧вр╛хы,╫╢кскм∙▒щйк╩л╣лнлык╬?л└лс?л╕кмс│к╡кпк╩кы╙█кякък╦ г▒л┐?лєк╟▐┼кикыбг
344,л╒лыл╤ля?,л╣лнлык╬?л└лс?л╕кмг▒.г▓█├к╦к╩кыкм ?л┐?лєс┤к╖л└лс?л╕кЄсЇк▒кыбг
345,ўю?═Ї?,л╣лнлык╬?л└лс?л╕кмг░.г╢█├к╦к╩кы╙█кякък╦ ї┌╩ек╟кткжг▒№▐═Ї?к╣кыбг
346,▀╙рї┌у?,??ёщк╦ √╗кдк╬ ?рї╠┐═гкм┌у?к╣кыбг
347,л╬?л▐лыл▄?л╩л╣,┘э?рїл╣лнлык╬?л└лс?л╕кмг▒.г┤█├к╦к╩кыбг
348,л╒лблдлвл▄?л╩л╣,ц·?рїл╣лнлык╬?л└лс?л╕кмг▒.г┤█├к╦к╩кыбг
349,лвлплвл▄?л╩л╣,тй?к╬л╣лнлык╬?л└лс?л╕кмг▒.г┤█├к╦к╩кыбг
350,лъ?л╒л▄?л╩л╣,э╗ц╘?рїл╣лнлык╬?л└лс?л╕кмг▒.г┤█├к╦к╩кыбг
351,л░лщлєл╔л▄?л╩л╣,╙▐Єв?рїл╣лнлык╬?л└лс?л╕кмг▒.г┤█├к╦к╩кыбг
352,лсл┐лыл▄?л╩л╣,╦╝??рїл╣лнлык╬?л└лс?л╕кмг▒.г┤█├к╦к╩кыбг
353,лжлглєл╔л▄?л╩л╣,∙ж?рїл╣лнлык╬?л└лс?л╕кмг▒.г┤█├к╦к╩кыбг
354,л╣л╤?лпл▄?л╩л╣,╓Ї?рїл╣лнлык╬?л└лс?л╕кмг▒.г┤█├к╦к╩кыбг
355,лщлдл╚л▄?л╩л╣,╬├?рїл╣лнлык╬?л└лс?л╕кмг▒.г┤█├к╦к╩кыбг
356,л└?лпл▄?л╩л╣,фс?рїл╣лнлык╬?л└лс?л╕кмг▒.г┤█├к╦к╩кыбг
357,л╜лжлыл▄?л╩л╣,┘в?рїл╣лнлык╬?л└лс?л╕кмг▒.г┤█├к╦к╩кыбг
358,л▌лдл║лєл▄?л╩л╣,╘╕?рїл╣лнлык╬?л└лс?л╕кмг▒.г┤█├к╦к╩кыбг
359,лк?лщл▄?л╩л╣,??рїл╣лнлык╬?л└лс?л╕кмг▒.г┤█├к╦к╩кыбг
360,л╙л╕лчлєл▄?л╩л╣,№│?рїл╣лнлык╬?л└лс?л╕кмг▒.г┤█├к╦к╩кыбг
361,л╡лжлєл╔л▄?л╩л╣,ых?рїл╣лнлык╬?л└лс?л╕кмг▒.г┤█├к╦к╩кыбг
362,ля?л╫л▄?л╩л╣,шр?рїл╣лнлык╬?л└лс?л╕кмг▒.г┤█├к╦к╩кыбг
363,№└рї√∙,▀╙твк╬л╣лнлыкЄ┘э?к╦к╖к┐у┴ єв?кмьщ╙л═нквкмкыбг
364,сЇк▒╫╡к╖,▀╙твк╬л╣лнлыкЄ┘э?к╦к╖к┐у┴ єв█┴к╚▀д█┴кмьщ╙л═нквкмкыбг
365,л╞лєл╖лчлєлвл├л╫,▀╙твк╬л╣лнлыкЄ┘э?к╦к╖к┐у┴ ▀д?кмьщ╙л═нквкмкыбг
366,л╣лы?,▀╙твк╬л╣лнлыкЄ┘э?к╦к╖к┐у┴ ▀д█┴кмьщ╙л═нквкмкыбг
367,ккЁрэнэ║,▀╙твк╬л╣лнлыкЄ┘э?к╦к╖к┐у┴ ё╒┌┬кмьщ╙л═нквкмкыбг
368,ч╩??сз,Ё·▄мBUк╬л╣лнлыкЄсЇк▒к┐у┴ ?╪нкЄЎшк┴┌ўк╣бг
369,лъл╒льлпл╚лм?л╔,Ё·▄мENк╬л╣лнлыкЄсЇк▒к┐у┴ ?╪нкЄЎшк┴┌ўк╣бг
370,╬╓Ї╕√Ў,?▀┌г║Ї╕?щык╬к╚кнк╦єв?кмг▒.г│█├к╦к╩кыбг
371,Ї╕Ё╬щы,?▀┌г║Ї╕?щык╬к╚кнк╦ё╒┌┬км█├к╦к╩кыбг
372,Ї╕к╬їцхы,?▀┌г║Ї╕?щык╬к╚кнк╦√ш??ў╛к╦к╩кщк║ л┐?лєЁ√╓їу┴к╦?ў╛ь╢▀╚км№▐▄╓к╣кыбг
373,к╩к╖,к╩к╖бг
374,╠┐??,э╗▌┬к╬л╣лнлык╦кшк├к╞?рї╠┐═гкЄ╬╗ў╫к╖к┐у┴к╬?л└лс?л╕км╙▐кнкпк╩кыбг
375,▄╓№└ги?гй,NULL
376,Ї╦ю╝╧мс╓,▀╙твк╬╬▀╙█л╣лнлык╬?═¤кЄ┘э?к╦к╖ г▓л┐?лєк╬╩р╬▀╙█к╟кнк╩кпк╩кыбг
377,л╙л╓лэл╒лглълв,шэ╬╓??кЄЄек├к╞кдкыэ▐∙ъ ╘Їэ▐у┴к╦╥Ў╒Їкм?кякыбг
378,╠э╠№у¤,ъ╬╒Їг╡г░ьд∙╗к╬═Ї?л╣лнлыкЄ┘э?√∙к╣кыбг
379,л┴лзлєл╕л╖л╒л╚,═Ї?л╣лнлыкЄ▐┼щ─к╖к┐к╚кнєв?к╚єв█┴?▀д?к╚▀д█┴кЄь¤кьЇЁкикыбг█┴х┘╠┐═гкЄ▐┼щ─к╖к┐к╚кнъкк╦?кыбг
380,ц╜?э┬щ─,??ёщк╦ ▀╙твк╬╥Ў╒Ї?√∙кмц╜?к╣кыбг
381,л╔лъ?лрля?лыл╔,▀╙твкмя╬Єнёщк╬у┴ ▀╙твк╧?л┐?лєс┤к╖л└лс?л╕кЄсЇк▒кыбг
382,▀▓▀╙ьщ?,▐┼щ─к╣кыл╣лнлык╬Ё·╫╛к╦кшк├к╞ эмкм?кякыбг
383,╘╕к╬┌╗╓╪,╘╕?рїьдштк╬▀╙твк╧ ╬▀╙█к╟кнк╩кпк╩кыбг
384,ї▒№▐▄╓,¤х?л╣лнлык╦кшкы №▐▄╓╒скмг▒.г│█├к╦к╩кыбг
385,·юкмкщк╗,э╗▌┬к╬╥Ў╒Їкм∙╗кмк├к┐к╚кн ▀╙твкт╘╥к╕╥Ў╒Їкм∙╗кмкыбг▀╙твк╬╥Ў╒Їкм▀╛кмк├к┐к╚кн э╗▌┬кт╘╥к╕╥Ў╒Їкм▀╛кмкыбг
386,?Єї?·▐ббЇ╕?щы,??к╦їєкык╚ ?▀┌кмЇ╕?щык╦к╩кыбг
387,▀├у¤┘ё,г▓вжг│л┐?лє═Ї?к╣кык╬л╣лнлык╬?л└лс?л╕кмг░.г╣█├к╦к╩кы╙█кякък╦ ї┌╩е?═¤кмк╩кпк╩кыбг
388,г┴г┬г╠г│г╕г╕,NULL
389,юя╒Їюя?,?къг╚г╨кмг▒/г│ьд∙╗к╬у┴ ?рїьщЎ╚л╣лнлык╬?л└лс?л╕кмг▒.г╡█├к╦к╩кыбг
390,╒Їун▌╢,▀╙твк╬лвл╙лъл╞лгкЄ┘эу╩к╖к╞ ═Ї?к╟кнкыкм Єек├к╞кдкы?у▐∙бк╬ ?═¤кЄсЇк▒к╩кдбг
391,г┴г┬г╠г│г╣г▒,NULL
392,г┴г┬г╠г│г╣г▓,NULL
393,г┴г┬г╠г│г╣г│,NULL
394,г┴г┬г╠г│г╣г┤,NULL
395,г┴г┬г╠г│г╣г╡,NULL
396,г┴г┬г╠г│г╣г╢,NULL
397,г┴г┬г╠г│г╣г╖,NULL
398,г┴г┬г╠г│г╣г╕,NULL
399,г┴г┬г╠г│г╣г╣,NULL
400,▄т?,?л┐?лє ▀д?к╚ё╒┌┬кмьщ╙л═н▀╛кмкыбг
401,г┴г┬г╠г┤г░г▒,NULL
402,г┴г┬г╠г┤г░г▓,NULL
403,г┴г┬г╠г┤г░г│,NULL
404,г┴г┬г╠г┤г░г┤,NULL
405,г┴г┬г╠г┤г░г╡,NULL
406,г┴г┬г╠г┤г░г╢,NULL
407,г┴г┬г╠г┤г░г╖,NULL
408,г┴г┬г╠г┤г░г╕,NULL
409,г┴г┬г╠г┤г░г╣,NULL
410,г┴г┬г╠г┤г▒г░,NULL
411,г┴г┬г╠г┤г▒г▒,NULL
412,г┴г┬г╠г┤г▒г▓,NULL
413,г┴г┬г╠г┤г▒г│,NULL
414,г┴г┬г╠г┤г▒г┤,NULL
415,г┴г┬г╠г┤г▒г╡,NULL
416,г┴г┬г╠г┤г▒г╢,NULL
417,г┴г┬г╠г┤г▒г╖,NULL
418,г┴г┬г╠г┤г▒г╕,NULL
419,г┴г┬г╠г┤г▒г╣,NULL
420,г┴г┬г╠г┤г▓г░,NULL
421,г┴г┬г╠г┤г▓г▒,NULL
422,г┴г┬г╠г┤г▓г▓,NULL
423,г┴г┬г╠г┤г▓г│,NULL
424,г┴г┬г╠г┤г▓г┤,NULL
425,г┴г┬г╠г┤г▓г╡,NULL
426,г┴г┬г╠г┤г▓г╢,NULL
427,г┴г┬г╠г┤г▓г╖,NULL
428,г┴г┬г╠г┤г▓г╕,NULL
429,г┴г┬г╠г┤г▓г╣,NULL
430,г┴г┬г╠г┤г│г░,NULL
431,г┴г┬г╠г┤г│г▒,NULL
432,г┴г┬г╠г┤г│г▓,NULL
433,г┴г┬г╠г┤г│г│,NULL
434,г┴г┬г╠г┤г│г┤,NULL
435,г┴г┬г╠г┤г│г╡,NULL
436,г┴г┬г╠г┤г│г╢,NULL
437,г┴г┬г╠г┤г│г╖,NULL
438,г┴г┬г╠г┤г│г╕,NULL
439,г┴г┬г╠г┤г│г╣,NULL
440,г┴г┬г╠г┤г┤г░,NULL
441,г┴г┬г╠г┤г┤г▒,NULL
442,г┴г┬г╠г┤г┤г▓,NULL
443,г┴г┬г╠г┤г┤г│,NULL
444,г┴г┬г╠г┤г┤г┤,NULL
445,г┴г┬г╠г┤г┤г╡,NULL
446,г┴г┬г╠г┤г┤г╢,NULL
447,г┴г┬г╠г┤г┤г╖,NULL
448,г┴г┬г╠г┤г┤г╕,NULL
449,г┴г┬г╠г┤г┤г╣,NULL
450,г┴г┬г╠г┤г╡г░,NULL
451,г┴г┬г╠г┤г╡г▒,NULL
452,г┴г┬г╠г┤г╡г▓,NULL
453,г┴г┬г╠г┤г╡г│,NULL
454,г┴г┬г╠г┤г╡г┤,NULL
455,г┴г┬г╠г┤г╡г╡,NULL
456,г┴г┬г╠г┤г╡г╢,NULL
457,г┴г┬г╠г┤г╡г╖,NULL
458,г┴г┬г╠г┤г╡г╕,NULL
459,г┴г┬г╠г┤г╡г╣,NULL
460,г┴г┬г╠г┤г╢г░,NULL
461,г┴г┬г╠г┤г╢г▒,NULL
462,г┴г┬г╠г┤г╢г▓,NULL
463,г┴г┬г╠г┤г╢г│,NULL
464,г┴г┬г╠г┤г╢г┤,NULL
465,г┴г┬г╠г┤г╢г╡,NULL
466,г┴г┬г╠г┤г╢г╢,NULL
467,г┴г┬г╠г┤г╢г╖,NULL
468,г┴г┬г╠г┤г╢г╕,NULL
469,г┴г┬г╠г┤г╢г╣,NULL
470,г┴г┬г╠г┤г╖г░,NULL
471,г┴г┬г╠г┤г╖г▒,NULL
472,г┴г┬г╠г┤г╖г▓,NULL
473,г┴г┬г╠г┤г╖г│,NULL
474,г┴г┬г╠г┤г╖г┤,NULL
475,г┴г┬г╠г┤г╖г╡,NULL
476,г┴г┬г╠г┤г╖г╢,NULL
477,г┴г┬г╠г┤г╖г╖,NULL
478,г┴г┬г╠г┤г╖г╕,NULL
479,г┴г┬г╠г┤г╖г╣,NULL
480,г┴г┬г╠г┤г╕г░,NULL
481,г┴г┬г╠г┤г╕г▒,NULL
482,г┴г┬г╠г┤г╕г▓,NULL
483,г┴г┬г╠г┤г╕г│,NULL
484,г┴г┬г╠г┤г╕г┤,NULL
485,г┴г┬г╠г┤г╕г╡,NULL
486,г┴г┬г╠г┤г╕г╢,NULL
487,г┴г┬г╠г┤г╕г╖,NULL
488,г┴г┬г╠г┤г╕г╕,NULL
489,г┴г┬г╠г┤г╕г╣,NULL
490,г┴г┬г╠г┤г╣г░,NULL
491,г┴г┬г╠г┤г╣г▒,NULL
492,г┴г┬г╠г┤г╣г▓,NULL
493,г┴г┬г╠г┤г╣г│,NULL
494,г┴г┬г╠г┤г╣г┤,NULL
495,г┴г┬г╠г┤г╣г╡,NULL
496,г┴г┬г╠г┤г╣г╢,NULL
497,г┴г┬г╠г┤г╣г╖,NULL
498,г┴г┬г╠г┤г╣г╕,NULL
499,г┴г┬г╠г┤г╣г╣,NULL
500,г┴г┬г╠г╡г░г░,NULL
501,г┴г┬г╠г╡г░г▒,NULL
502,г┴г┬г╠г╡г░г▓,NULL
503,г┴г┬г╠г╡г░г│,NULL
504,г┴г┬г╠г╡г░г┤,NULL
505,г┴г┬г╠г╡г░г╡,NULL
506,г┴г┬г╠г╡г░г╢,NULL
507,г┴г┬г╠г╡г░г╖,NULL
508,г┴г┬г╠г╡г░г╕,NULL
509,г┴г┬г╠г╡г░г╣,NULL
510,г┴г┬г╠г╡г▒г░,NULL
511,г┴г┬г╠г╡г▒г▒,NULL
