0,NULL,0,통상 공격.
1,ＳＫＩＬＬ０００１,0,상대를 화상과 공포 상태로 만든다.
2,ＳＫＩＬＬ０００２,0,다음 턴에 자신의 최대 HP의 절반을 회복한다.
3,ＳＫＩＬＬ０００３,0,1턴에 힘을 모아 2턴째에 공격한다. 기상이 극광일 때는 힘을 모으지 않고 사용할 수 있다.
4,ＳＫＩＬＬ０００４,0,통상 공격.
5,ＳＫＩＬＬ０００５,0,통상 공격.
6,ＳＫＩＬＬ０００６,0,통상 공격.
7,ＳＫＩＬＬ０００７,0,통상 공격.
8,ＳＫＩＬＬ０００８,0,통상 공격.
9,ＳＫＩＬＬ０００９,0,통상 공격.
10,ＳＫＩＬＬ００１０,0,통상 공격.
11,분전 ,1,자신의 HP가 낮을수록 위력이 오른다.
12,저스트 에임 ,1,상대의 HP에 관계없이 전투 불능으로 만든다.
13,변환자재 ,0,통상 공격.
14,장난 ,1,상대의 HP를 절반으로 만든다.
15,차감계산 ,1,상대의 HP를 자신과 똑같이 만든다.
16,전신전령 ,1,상대의 방어를 절반으로 하여 공격한다. 사용하면 전투 불능이 된다.
17,역경근성 ,1,상대의 방어를 절반으로 하여 공격한다. 사용하면 전투 불능이 된다. 무 속성의 인형이 쓰면 타격이 1.3배가 된다.
18,최후의 수단 ,1,자신이 가진 다른 스킬을 모두 사용하면 사용할 수 있다.
19,부동심 ,2,1턴에 힘을 모으고 자신의 집방이 오른다. 2턴째에 공격한다.
20,오버 스킬 ,2,자신이 준 대미지의 1/3의 대미지를 받는다.
21,스피릿 러시 ,2,자신이 준 대미지의 1/4의 대미지를 받는다.
22,광란정유리 ,1,통상 공격.
23,귀연 ,1,통상 공격.
24,역경의 한 수 ,2,자신이 상태이상일 때 위력이 2배가 된다. 어둠과 공포 상태를 무시한다.
25,앙갚음 ,1,전턴에 아군이 쓰러졌으면 위력이 2배가 된다.
26,천돌 ,1,상대의 능력 변화를 무시하고 공격한다.
27,자포자기 ,1,공격이 반드시 명중한다. 자신의 최대 HP의 1/3의 대미지를 받는다.
28,십자가 ,1,2회 연속으로 공격한다.
29,급습 ,1,상대를 풀죽게 한다. 나가자마자 사용하지 않으면 실패한다.
30,호랑이 달리기 ,1,통상 공격.
31,그림자 달리기 ,1,상대의 방어결계를 무시한다.
32,탄막난무 ,2,2-3턴 동안 같은 공격을 한다. 이후 혼란 상태가 된다.
33,볼트 어택 ,2,30% 확률로 상대를 마비 상태로 만든다.
34,트라이 이펙트 ,2,20% 확률로 상대를 마비나 암흑이나 공포 상태로 만든다.
35,디스트럭션 ,2,30% 확률로 상대를 풀죽게 한다.
36,일제사격 ,2,공격이 반드시 명중한다.
37,천신의 가호 ,2,기상에 따라 위력과 속성이 바뀐다.
38,사신의 가호 ,2,지상에 따라 위력과 속성이 바뀐다.
39,난사 ,2,2-5회 연속으로 공격한다.
40,오기 ,0,공격을 받아도 HP가 반드시 1 남는다. 연속으로 사용하면 실패하기 쉽다.
41,삼라결계 ,0,사용한 턴 상대의 공격을 받지 않는다. 연속으로 사용하면 실패하기 쉽다.
42,배리어 옵션 ,0,HP의 1/4를 사용하여 배리어를 만든다.
43,신내림 ,0,자신의 모든 능력 중 하나를 두 단계 올린다.
44,응급처치 ,0,최대 HP의 절반을 회복한다.
45,절약정신 ,0,한 번 사용한 장식품을 다시 쓸 수 있다.
46,파워 스폿 ,0,다음 턴에 자신의 최대 HP의 절반을 회복한다.
47,무아의 경지 ,0,자신이 정지 상태일 때만 사용할 수 있다. 랜덤으로 스킬을 사용한다.
48,저력 ,0,자신의 최대 HP의 절반을 줄이고 집탄을 최대로 올린다.
49,카무플라주 ,0,카무플라주로 자신의 회피율을 두 단계 올린다.
50,위풍당당 ,0,자신의 집탄과 준민을 한 단계 올린다.
51,오펜서 트랜스 ,0,자신의 집탄과 산탄과 준민을 두 단계 올리고 집방과 산방을 한 단계 내린다.
52,임전 ,0,자신의 집탄과 산탄과 명중을 한 단계 올린다.
53,예측 ,0,상대가 사용하는 스킬을 위력을 1.5배로 하여 필중으로 먼저 사용한다. 먼저 사용하지 않으면 실패한다.
54,붙잡기 ,0,상대를 마비 상태로 만든다.
55,재시도 ,0,다른 인형과 교대한다. 능력 변화는 교대한 인형이 그대로 계승한다.
56,음의 기력 ,2,통상 공격.
57,유도탄 ,2,10%의 확률로 상대를 풀죽게 한다.
58,양의 기력 ,2,통상 공격.
59,확산 빔 ,2,통렬한 일격이 나오기 쉽다.
60,운부천부 ,0,자신의 모든 능력 중 하나를 한 단계 올린다.
61,방벽강화 ,0,자신의 집방을 한 단계 올린다
62,장벽강화 ,0,자신의 산방을 한 단계 올린다
63,고속집중탄막 ,2,통상 공격.
64,농밀확산탄막 ,2,통상 공격.
65,오버런 ,2,통상 공격.
66,저속이동 ,0,자신의 집탄과 집방을 한 단계 올리고 준민을 한 단계 내린다.
67,유구의 기록 ,0,자신이 전투 불능이 되지만 필드 배리어·필드 프로텍트·행운의 무지개를 전개한다. 형석의 효과를 받지 않는다.
68,상기 ,0,상대와 같은 능력이 된다.
69,천공의 위세 ,2,기상에 따라 위력과 속성이 바뀐다.
70,지양의 위세 ,1,지상에 따라 위력과 속성이 바뀐다.
71,ＳＫＩＬＬ００７１,0,통상 공격.
72,ＳＫＩＬＬ００７２,0,통상 공격.
73,ＳＫＩＬＬ００７３,0,통상 공격.
74,ＳＫＩＬＬ００７４,0,통상 공격.
75,ＳＫＩＬＬ００７５,0,통상 공격.
76,ＳＫＩＬＬ００７６,0,통상 공격.
77,ＳＫＩＬＬ００７７,0,통상 공격.
78,ＳＫＩＬＬ００７８,0,통상 공격.
79,ＳＫＩＬＬ００７９,0,통상 공격.
80,ＳＫＩＬＬ００８０,0,통상 공격.
81,ＳＫＩＬＬ００８１,0,통상 공격.
82,ＳＫＩＬＬ００８２,0,통상 공격.
83,ＳＫＩＬＬ００８３,0,통상 공격.
84,ＳＫＩＬＬ００８４,0,통상 공격.
85,ＳＫＩＬＬ００８５,0,통상 공격.
86,ＳＫＩＬＬ００８６,0,통상 공격.
87,ＳＫＩＬＬ００８７,0,통상 공격.
88,ＳＫＩＬＬ００８８,0,통상 공격.
89,ＳＫＩＬＬ００８９,0,통상 공격.
90,ＳＫＩＬＬ００９０,0,통상 공격.
91,ＳＫＩＬＬ００９１,0,통상 공격.
92,ＳＫＩＬＬ００９２,0,통상 공격.
93,ＳＫＩＬＬ００９３,0,통상 공격.
94,ＳＫＩＬＬ００９４,0,통상 공격.
95,ＳＫＩＬＬ００９５,0,통상 공격.
96,ＳＫＩＬＬ００９６,0,통상 공격.
97,ＳＫＩＬＬ００９７,0,통상 공격.
98,ＳＫＩＬＬ００９８,0,통상 공격.
99,ＳＫＩＬＬ００９９,0,통상 공격.
100,ＳＫＩＬＬ０１００,0,통상 공격.
101,열화 ,2,자신의 코스트가 상대보다 높을수록 위력이 오른다.
102,연옥염무 ,1,자신이 준 대미지의 1/3의 대미지를 받는다. 10%의 확률로 상대를 화상 상태로 만든다.
103,홀리 플레어 ,2,50%의 확률로 상대를 화상 상태로 만든다.
104,번 스트라이크 ,1,통렬한 일격이 나오기 쉽고 10%의 확률로 상대를 화상 상태로 만든다.
105,폭렬화염 ,2,30%의 확률로 상대를 화상 상태로 만든다.
106,파이어 재블린 ,1,10%의 확률로 상대를 화상 상태로 만든다.
107,라이징 선 ,1,자신의 준민을 한 단계 올린다.
108,화연무답 ,1,자신의 HP가 낮을수록 위력이 내려간다.
109,익스플로전 ,2,다음 턴에 자신은 움직일 수 없게 된다.
110,볼케이노 ,2,공격 후 자신의 산탄을 두 단계 내린다.
111,인페르노 ,2,10%의 확률로 상대를 화상 상태로 만든다.
112,화염창 ,1,10%의 확률로 상대를 화상 상태로 만든다.
113,텐메이 대화재 ,1,상대를 화상 상태로 만든다.
114,염룡의 춤 ,2,4-5턴 동안 상대를 가두어 공격한다.
115,백드래프트 ,2,10%의 확률로 상대를 화상 상태로 만든다.
116,플래시 오버 ,2,30%의 확률로 상대를 화상 상태로 만든다.
117,불꽃의 파동 ,2,50%의 확률로 자신의 산탄을 한 단계 올린다.
118,파이어 월 ,2,상대가 장식품을 가지고 있으면 위력이 1.5배가 되고 상대의 장식품을 없앤다.
119,염사의 춤 ,2,4-5턴 동안 상대를 가두어 공격한다.
120,도깨비불 ,0,상대를 화상과 암흑 상태로 만든다.
121,테르밋 ,0,상대를 대화상 상태로 만든다.
122,지상발현「주작」 ,0,지상을 주작으로 한다.
123,파이어볼 ,1,10%의 확률로 상대를 화상 상태로 만든다.
124,불기둥 ,2,20%의 확률로 상대를 화상 상태로 만든다.
125,불장난 ,2,10%의 확률로 상대를 화상 상태로 만든다.
126,플레어 ,2,10%의 확률로 상대를 화상 상태로 만든다.
127,염부 ,2,속성 부적은 하나만 배울 수 있다.
128,마찰열 ,0,상대를 화상 상태로 만든다.
129,ＳＫＩＬＬ０１２９,0,통상 공격.
130,ＳＫＩＬＬ０１３０,0,통상 공격.
131,ＳＫＩＬＬ０１３１,0,통상 공격.
132,ＳＫＩＬＬ０１３２,0,통상 공격.
133,ＳＫＩＬＬ０１３３,0,통상 공격.
134,ＳＫＩＬＬ０１３４,0,통상 공격.
135,ＳＫＩＬＬ０１３５,0,통상 공격.
136,ＳＫＩＬＬ０１３６,0,통상 공격.
137,ＳＫＩＬＬ０１３７,0,통상 공격.
138,ＳＫＩＬＬ０１３８,0,통상 공격.
139,ＳＫＩＬＬ０１３９,0,통상 공격.
140,ＳＫＩＬＬ０１４０,0,통상 공격.
141,ＳＫＩＬＬ０１４１,0,통상 공격.
142,ＳＫＩＬＬ０１４２,0,통상 공격.
143,ＳＫＩＬＬ０１４３,0,통상 공격.
144,ＳＫＩＬＬ０１４４,0,통상 공격.
145,ＳＫＩＬＬ０１４５,0,통상 공격.
146,ＳＫＩＬＬ０１４６,0,통상 공격.
147,ＳＫＩＬＬ０１４７,0,통상 공격.
148,ＳＫＩＬＬ０１４８,0,통상 공격.
149,ＳＫＩＬＬ０１４９,0,통상 공격.
150,ＳＫＩＬＬ０１５０,0,통상 공격.
151,호조 빅 웨이브 ,1,통상 공격.
152,폭포 떨구기 ,1,통상 공격.
153,서든 플러드 ,1,통렬한 일격이 나오기 쉽다.
154,아이스 커핀 ,2,20%의 확률로 상대를 풀죽게 한다.
155,아쿠아 재블린 ,1,20%의 확률로 상대의 준민을 한 단계 내린다.
156,리버스 스플래시 ,2,상대에게 공격 스킬을 받으면 위력이 2배가 된다.
157,아쿠아 소닉 ,1,통상 공격.
158,아쿠아 커터 ,1,통상 공격.
159,아이스 머신건 ,1,2-5회 연속으로 공격한다.
160,워터 캐논 ,2,자신의 HP가 낮을수록 위력이 내려간다.
161,아쿠아 브레스 ,2,다음 턴에 자신은 움직일 수 없게 된다.
162,콜드 레인 ,2,10%의 확률로 상대를 정지 상태로 만든다.
163,아이스 에이지 ,2,10%의 확률로 상대의 준민을 한 단계 내린다.
164,얼음 감옥 ,1,통상 공격.
165,레이지 미스트 ,2,30%의 확률로 상대를 쇠약 상태로 만든다.
166,간헐천 ,1,반드시 통렬한 일격이 나온다.
167,슬라임 샷 ,1,상대의 준민을 한 단계 내린다.
168,순수의 베일 ,2,5턴 동안 상대에 의해 능력이 내려가지 않게 된다.
169,집중호우 ,2,4-5턴 동안 상대를 가두어 공격한다.
170,장대비 ,0,자신의 집탄과 집방을 한 단계 올리고 준민을 한 단계 내린다.
171,썰물 ,0,상대의 준민을 두 단계 내린다.
172,물의 춤 ,0,상대를 물 속성으로 만든다.
173,가뭄 ,0,상대를 쇠약 상태로 만든다.
174,지상발현「현무」 ,0,지상을 현무로 한다.
175,워터 볼 ,1,통상 공격.
176,프로스트 엣지 ,1,10%의 확률로 상대를 정지 상태로 만든다.
177,비눗방울 ,1,통상 공격.
178,눈싸움 ,1,10%의 확률로 상대의 준민을 한 단계 내린다.
179,수부 ,2,속성 부적은 하나만 배울 수 있다.
180,진흙탕 ,0,상대의 준민을 한 단계 내린다.
181,ＳＫＩＬＬ０１８１,0,통상 공격.
182,ＳＫＩＬＬ０１８２,0,통상 공격.
183,ＳＫＩＬＬ０１８３,0,통상 공격.
184,ＳＫＩＬＬ０１８４,0,통상 공격.
185,ＳＫＩＬＬ０１８５,0,통상 공격.
186,ＳＫＩＬＬ０１８６,0,통상 공격.
187,ＳＫＩＬＬ０１８７,0,통상 공격.
188,ＳＫＩＬＬ０１８８,0,통상 공격.
189,ＳＫＩＬＬ０１８９,0,통상 공격.
190,ＳＫＩＬＬ０１９０,0,통상 공격.
191,ＳＫＩＬＬ０１９１,0,통상 공격.
192,ＳＫＩＬＬ０１９２,0,통상 공격.
193,ＳＫＩＬＬ０１９３,0,통상 공격.
194,ＳＫＩＬＬ０１９４,0,통상 공격.
195,ＳＫＩＬＬ０１９５,0,통상 공격.
196,ＳＫＩＬＬ０１９６,0,통상 공격.
197,ＳＫＩＬＬ０１９７,0,통상 공격.
198,ＳＫＩＬＬ０１９８,0,통상 공격.
199,ＳＫＩＬＬ０１９９,0,통상 공격.
200,ＳＫＩＬＬ０２００,0,통상 공격.
201,텀블 플랜트 ,1,상대의 코스트가 높을수록 위력이 오른다.
202,루트 프로그 ,2,통상 공격.
203,도호극시 ,1,자신이 준 대미지의 1/3의 대미지를 받는다.
204,기아의 목소리 ,2,10%의 확률로 상대를 쇠약 상태로 만든다.
205,화조풍월 ,1,20%의 확률로 상대의 집탄을 한 단계 내린다.
206,그래스 재블린 ,1,10%의 확률로 상대를 쇠약 상태로 만든다.
207,파워 드레인 ,2,준 대미지의 절반의 HP를 회복한다.
208,말벌의 춤 ,1,2-5회 연속으로 공격한다.
209,앵취설 ,1,10%의 확률로 상대를 쇠약 상태로 만든다.
210,철 지난 꽃 ,2,공격 후 자신의 산탄을 두 단계 내린다.
211,산화야분무 ,2,2-3턴 동안 같은 공격을 한다. 이후 혼란 상태가 된다.
212,채광백화 ,2,1턴에 힘을 모아 2턴째에 공격한다. 기상이 극광일 때는 힘을 모으지 않고 사용할 수 있다.
213,미스트 포그 ,2,10%의 확률로 상대의 산탄을 한 단계 내린다.
214,에너지 앱소브 ,2,준 대미지의 절반의 HP를 회복한다.
215,나뭇잎 나선길 ,1,공격이 반드시 명중한다.
216,삼림욕 ,0,자신의 모든 인형의 상태 이상을 치료한다.
217,생명의 샘 ,0,매턴 HP를 조금씩 회복한다. 사용한 인형은 교체할 수 없게 된다.
218,가시덤불 ,0,상대의 공격을 막는다. 위력이 높은 공격을 막으면 상대가 대미지를 받는다. 연속으로 사용하면 실패하기 쉽다.
219,드레인 시드 ,0,상대의 HP를 매턴 흡수하여 자신의 HP를 회복한다. 자연 속성에는 효과가 없다.
220,마나의 은혜 ,0,최대 HP의 절반을 회복한다.
221,흰 백합의 춤 ,0,자신은 전투 불능이 되지만 교대하여 나오는 인형의 상태이상과 HP를 모두 회복한다.
222,페어리 댄스 ,0,자신의 산탄과 산방과 준민을 한 단계 올린다.
223,화이트 미스트 ,0,자신의 산탄을 세 단계 올린다.
224,신비의 바람 ,0,자신의 집방을 세 단계 올린다.
225,환혹의 꽃가루 ,0,상대를 정지 상태로 만든다. 자연 속성에는 효과가 없다.
226,요충의 인분 ,0,상대를 마비 상태로 만든다.
227,지상발현「청룡」 ,0,지상을 청룡으로 한다.
228,호접의 춤 ,0,매턴 HP를 조금씩 회복한다.
229,패러사이트 ,2,준 대미지의 절반의 HP를 회복한다.
230,사과폭탄 ,1,통렬한 일격이 나오기 쉽다.
231,콩뿌리기 ,1,통상 공격.
232,설월화 ,1,10%의 확률로 상대의 산탄을 한 단계 내린다.
233,자연부 ,2,속성 부적은 하나만 배울 수 있다.
234,독뿌리 ,0,상대를 독 상태로 만든다.
235,ＳＫＩＬＬ０２３５,0,통상 공격.
236,ＳＫＩＬＬ０２３６,0,통상 공격.
237,ＳＫＩＬＬ０２３７,0,통상 공격.
238,ＳＫＩＬＬ０２３８,0,통상 공격.
239,ＳＫＩＬＬ０２３９,0,통상 공격.
240,ＳＫＩＬＬ０２４０,0,통상 공격.
241,ＳＫＩＬＬ０２４１,0,통상 공격.
242,ＳＫＩＬＬ０２４２,0,통상 공격.
243,ＳＫＩＬＬ０２４３,0,통상 공격.
244,ＳＫＩＬＬ０２４４,0,통상 공격.
245,ＳＫＩＬＬ０２４５,0,통상 공격.
246,ＳＫＩＬＬ０２４６,0,통상 공격.
247,ＳＫＩＬＬ０２４７,0,통상 공격.
248,ＳＫＩＬＬ０２４８,0,통상 공격.
249,ＳＫＩＬＬ０２４９,0,통상 공격.
250,ＳＫＩＬＬ０２５０,0,통상 공격.
251,경천동지 ,1,상대의 HP에 관계없이 전투 불능으로 만든다.
252,천변지이 ,1,다음 턴에 자신은 움직일 수 없게 된다.
253,슈팅 프레스 ,2,통상 공격.
254,그랜드 리베레이트 ,1,통렬한 일격이 나오기 쉽다.
255,로얄 프리즘 ,2,30%의 확률로 상대를 풀죽게 한다.
256,스크류 록 ,1,반드시 통렬한 일격이 나온다.
257,스톤 스파이크 ,1,상대의 준민을 한 단계 내린다.
258,모래먼지 ,1,30%의 확률로 상대의 명중을 한 단계 내린다.
259,유탄 돌멩이 ,1,2회 연속으로 공격한다.
260,진선의 문 ,1,4-5턴 동안 상대를 가두어 공격한다.
261,영석난무 ,1,2-5회 연속으로 공격한다.
262,대지의 파도 ,2,10%의 확률로 상대의 명중을 한 단계 내린다.
263,불안정한 지평선 ,2,30%의 확률로 상대의 명중을 한 단계 내린다.
264,쥬얼리 스톰 ,1,통상 공격.
265,산사태 ,1,상대의 HP가 절반 이하일 때 위력이 2배가 된다.
266,스톤 서클 ,1,10%의 확률로 자신의 모든 능력이 오른다.
267,마인 트랩 ,0,마인 트랩을 설치하여 교대로 나온 상대의 인형에 대미지를 준다. 겹치면 위력이 올라간다.
268,기상발현「황사」 ,0,기상을 황사로 한다.
269,진흙 당고 ,1,통상 공격.
270,스톤 레인 ,1,20%의 확률로 상대를 풀죽게 한다.
271,돌팔매 ,1,상대의 명중을 한 단계 내린다.
272,절벽붕괴 ,1,10%의 확률로 상대의 명중을 한 단계 내린다.
273,대지부 ,2,속성 부적은 하나만 배울 수 있다.
274,땅 달리기 ,0,자신의 준민을 두 단계 올린다.
275,지상발현「황룡」 ,0,지상을 황룡으로 한다.
276,대지의 잔치 ,1,10%의 확률로 상대의 명중을 한 단계 내린다.
277,천지발현「황금」 ,0,기상을 황사로 하고 지상을 황룡으로 한다.
278,파괴의 균열 ,1,어떠한 지상 상태일 때 위력을 2배로 하고 지상을 해제한다.
279,ＳＫＩＬＬ０２７９,0,통상 공격.
280,ＳＫＩＬＬ０２８０,0,통상 공격.
281,ＳＫＩＬＬ０２８１,0,통상 공격.
282,ＳＫＩＬＬ０２８２,0,통상 공격.
283,ＳＫＩＬＬ０２８３,0,통상 공격.
284,ＳＫＩＬＬ０２８４,0,통상 공격.
285,ＳＫＩＬＬ０２８５,0,통상 공격.
286,ＳＫＩＬＬ０２８６,0,통상 공격.
287,ＳＫＩＬＬ０２８７,0,통상 공격.
288,ＳＫＩＬＬ０２８８,0,통상 공격.
289,ＳＫＩＬＬ０２８９,0,통상 공격.
290,ＳＫＩＬＬ０２９０,0,통상 공격.
291,ＳＫＩＬＬ０２９１,0,통상 공격.
292,ＳＫＩＬＬ０２９２,0,통상 공격.
293,ＳＫＩＬＬ０２９３,0,통상 공격.
294,ＳＫＩＬＬ０２９４,0,통상 공격.
295,ＳＫＩＬＬ０２９５,0,통상 공격.
296,ＳＫＩＬＬ０２９６,0,통상 공격.
297,ＳＫＩＬＬ０２９７,0,통상 공격.
298,ＳＫＩＬＬ０２９８,0,통상 공격.
299,ＳＫＩＬＬ０２９９,0,통상 공격.
300,ＳＫＩＬＬ０３００,0,통상 공격.
301,안개제거 ,1,상대의 코스트가 높을수록 위력이 오른다.
302,리플렉션 미러 ,2,그 턴 마지막에 받은 공격을 위력을 1.5배로 하여 되돌린다.
303,임팩트 리벨리온 ,1,상대보다 준민이 낮을수록 위력이 오른다.
304,철괴 풀 크래시 ,1,자신이 준 대미지의 절반의 대미지를 받는다.
305,국화의 물 ,1,10%의 확률로 자신의 집탄을 한 단계 올린다.
306,일섬 ,1,자신이 준 대미지의 1/3의 대미지를 받는다.
307,단검 ,1,10%의 확률로 상대를 풀죽게 한다.
308,킬링 바이트 ,1,반드시 통렬한 일격이 나온다.
309,복수의 칼날 ,1,공격이 반드시 명중한다.
310,비껴치기 ,1,통상 공격.
311,라스트 슬래시 ,1,공격 후 무방비 상태가 된다.
312,은색의 비 ,2,10%의 확률로 자신의 산탄을 한 단계 올린다.
313,크롬 레이 ,2,10%의 확률로 상대의 산방을 한 단계 내린다.
314,셰이크 기어 ,1,2회 연속으로 공격한다.
315,퀵 스로 ,1,2-5회 연속으로 공격한다.
316,집중태세 ,0,자신의 집탄과 명중을 한 단계 올린다.
317,분투태세 ,0,자신의 집탄을 두 단계 올린다.
318,맹진태세 ,0,자신의 집탄을 한 단계 올리고 준민을 두 단계 올린다.
319,철벽태세 ,0,자신의 집방을 두 단계 올린다.
320,호시탐탐 ,0,상대를 무방비 상태로 만든다.
321,지상발현「백호」 ,0,지상을 백호로 한다.
322,스텔스 트랩 ,0,스텔스 트랩을 설치하여 교대로 나온 상대의 인형에 대미지를 준다. 속성 상성의 영향을 받는다.
323,더 리퍼 ,1,통렬한 일격이 나오기 쉽다.
324,해머 던지기 ,1,통렬한 일격이 나오기 쉽다.
325,나이프 던지기 ,1,10%의 확률로 상대의 산방을 한 단계 내린다.
326,메탈 니들 ,1,20%의 확률로 자신의 산탄을 한 단계 올린다.
327,강철부 ,2,속성 부적은 하나만 배울 수 있다.
328,일의전심 ,0,자신의 집탄을 한 단계 올린다.
329,해머 배시 ,2,10%의 확률로 상대의 집방을 한 단계 내린다.
330,ＳＫＩＬＬ０３３０,0,통상 공격.
331,ＳＫＩＬＬ０３３１,0,통상 공격.
332,ＳＫＩＬＬ０３３２,0,통상 공격.
333,ＳＫＩＬＬ０３３３,0,통상 공격.
334,ＳＫＩＬＬ０３３４,0,통상 공격.
335,ＳＫＩＬＬ０３３５,0,통상 공격.
336,ＳＫＩＬＬ０３３６,0,통상 공격.
337,ＳＫＩＬＬ０３３７,0,통상 공격.
338,ＳＫＩＬＬ０３３８,0,통상 공격.
339,ＳＫＩＬＬ０３３９,0,통상 공격.
340,ＳＫＩＬＬ０３４０,0,통상 공격.
341,ＳＫＩＬＬ０３４１,0,통상 공격.
342,ＳＫＩＬＬ０３４２,0,통상 공격.
343,ＳＫＩＬＬ０３４３,0,통상 공격.
344,ＳＫＩＬＬ０３４４,0,통상 공격.
345,ＳＫＩＬＬ０３４５,0,통상 공격.
346,ＳＫＩＬＬ０３４６,0,통상 공격.
347,ＳＫＩＬＬ０３４７,0,통상 공격.
348,ＳＫＩＬＬ０３４８,0,통상 공격.
349,ＳＫＩＬＬ０３４９,0,통상 공격.
350,ＳＫＩＬＬ０３５０,0,통상 공격.
351,환상향직격태풍 ,2,1턴에 힘을 모아 2턴째에 공격한다. 통렬한 일격이 나오기 쉽고 30%의 확률로 상대를 풀죽게 한다.
352,풍염 ,1,자신이 준 대미지의 1/3의 대미지를 받는다.
353,윈드 재블린 ,1,10%의 확률로 상대를 풀죽게 한다.
354,쇼크 스탬프 ,1,공격 후 상대의 대기인형을 끌어낸다.
355,도난의 바람 ,2,상대의 장식품1을 빼앗아 자신이 사용한다.
356,바람의 열차 ,2,공격이 반드시 명중한다.
357,트위스터 ,1,2-5회 연속으로 공격한다.
358,큰 회오리바람 ,2,4-5턴 동안 상대를 가두어 공격한다.
359,매크로버스트 ,2,30%의 확률로 상대를 혼란 상태로 만든다.
360,신속 에어레이드 ,2,상대의 배리어 옵션을 무시하고 공격할 수 있다. 공격이 반드시 명중한다.
361,윈드 웨이브 ,2,30%의 확률로 상대를 풀죽게 한다.
362,춤추는 바람 ,2,10%의 확률로 자신의 모든 능력이 오른다.
363,스매시 스핀 ,2,구속 스킬이나 트랩을 날려버리고 공격한다.
364,첫 봄바람 ,2,통상 공격.
365,풍신의 가호 ,0,5턴 동안 아군 전원의 준민이 2배가 된다. 기상: 나기일 때 6턴이 된다.
366,돌풍 ,0,상대의 대기인형을 끌어낸다.
367,횃대 ,0,최대 HP의 절반을 회복한다. 사용한 턴 바람 속성이 없어진다.
368,순풍 ,0,자신의 회피를 한 단계 올린다.
369,위타천 ,0,자신의 준민을 두 단계 올린다.
370,기상발현「나기」 ,0,기상을 나기로 한다.
371,페더 샷 ,2,통상 공격.
372,찬바람 ,2,통렬한 일격이 나오기 쉽다.
373,밤폭풍 ,2,통상 공격.
374,편서풍 ,2,20%의 확률로 자신의 준민을 한 단계 올린다.
375,풍부 ,2,속성 부적은 하나만 배울 수 있다.
376,칼바람 ,0,자신의 산탄과 준민을 한 단계 올린다.
377,비상난무 ,1,10%의 확률로 상대를 풀죽게 한다.
378,스피닝 에어 ,2,10%의 확률로 상대를 풀죽게 한다.
379,천지발현「정온」 ,0,기상을 나기로 하고 지상을 청룡으로 한다.
380,종언의 정풍 ,2,어떠한 기상 상태일 때 위력을 2배로 하고 기상을 해제한다.
381,ＳＫＩＬＬ０３８１,0,통상 공격.
382,ＳＫＩＬＬ０３８２,0,통상 공격.
383,ＳＫＩＬＬ０３８３,0,통상 공격.
384,ＳＫＩＬＬ０３８４,0,통상 공격.
385,ＳＫＩＬＬ０３８５,0,통상 공격.
386,ＳＫＩＬＬ０３８６,0,통상 공격.
387,ＳＫＩＬＬ０３８７,0,통상 공격.
388,ＳＫＩＬＬ０３８８,0,통상 공격.
389,ＳＫＩＬＬ０３８９,0,통상 공격.
390,ＳＫＩＬＬ０３９０,0,통상 공격.
391,ＳＫＩＬＬ０３９１,0,통상 공격.
392,ＳＫＩＬＬ０３９２,0,통상 공격.
393,ＳＫＩＬＬ０３９３,0,통상 공격.
394,ＳＫＩＬＬ０３９４,0,통상 공격.
395,ＳＫＩＬＬ０３９５,0,통상 공격.
396,ＳＫＩＬＬ０３９６,0,통상 공격.
397,ＳＫＩＬＬ０３９７,0,통상 공격.
398,ＳＫＩＬＬ０３９８,0,통상 공격.
399,ＳＫＩＬＬ０３９９,0,통상 공격.
400,ＳＫＩＬＬ０４００,0,통상 공격.
401,토르 해머 ,1,10%의 확률로 상대를 마비 상태로 만든다. 자신이 준 대미지의 1/3의 대미지를 받는다.
402,뇌절 ,1,10%의 확률로 자신의 준민을 한 단계 올린다.
403,스파크 재블린 ,1,10%의 확률로 상대를 마비 상태로 만든다.
404,플라즈마 볼 ,1,상대를 마비 상태로 만든다.
405,뇌제 인디그네이트 ,2,10%의 확률로 상대를 마비 상태로 만든다.
406,벼락 ,2,상대를 마비 상태로 만든다.
407,썬더 포스 ,2,10%의 확률로 상대를 마비 상태로 만든다.
408,뇌운의 눈동자 ,2,30%의 확률로 상대르 마비 상태로 만든다.
409,전기 훔쳐쓰기 ,2,준 대미지의 절반의 HP를 회복한다.
410,질풍신뢰 ,1,공격 후 대기인형과 교대한다. 야생 인형과의 전투는 끝난다.
411,스파크 크로스 ,2,상대의 준민을 한 단계 내린다.
412,번갯불 ,2,70%의 확률로 자신의 산탄을 한 단계 올린다.
413,라이트닝 차지 ,0,자신의 산방을 한 단계 올린다. 다음 턴에 사용하는 전기 속성 스킬의 위력이 2배가 된다.
414,강력자기장 ,0,상대의 다음 스킬이 전기 속성이 된다.
415,웨이브 패럴라이즈 ,0,상대를 마비와 혼란 상태로 만든다.
416,썬더 베일 ,0,상대를 마비 상태로 만든다.
417,스파크 샷 ,2,10%의 확률로 상대를 마비 상태로 만든다.
418,볼트 그레이즈 ,2,20%의 확률로 상대를 마비 상태로 만든다.
419,뇌격 ,2,10%의 확률로 상대를 마비 상태로 만든다.
420,에너지 볼트 ,2,10%의 확률로 상대를 정지 상태로 만든다.
421,뇌부 ,2,속성 부적은 하나만 배울 수 있다.
422,천둥 ,0,상대를 풀죽게 한다.
423,천둥 드릴 ,1,반드시 통렬한 일격이 나온다.
424,쇼크 패럴라이즈 ,0,상대를 감전 상태로 만든다. 땅 속성에는 효과가 없다.
425,ＳＫＩＬＬ０４２５,0,통상 공격.
426,ＳＫＩＬＬ０４２６,0,통상 공격.
427,ＳＫＩＬＬ０４２７,0,통상 공격.
428,ＳＫＩＬＬ０４２８,0,통상 공격.
429,ＳＫＩＬＬ０４２９,0,통상 공격.
430,ＳＫＩＬＬ０４３０,0,통상 공격.
431,ＳＫＩＬＬ０４３１,0,통상 공격.
432,ＳＫＩＬＬ０４３２,0,통상 공격.
433,ＳＫＩＬＬ０４３３,0,통상 공격.
434,ＳＫＩＬＬ０４３４,0,통상 공격.
435,ＳＫＩＬＬ０４３５,0,통상 공격.
436,ＳＫＩＬＬ０４３６,0,통상 공격.
437,ＳＫＩＬＬ０４３７,0,통상 공격.
438,ＳＫＩＬＬ０４３８,0,통상 공격.
439,ＳＫＩＬＬ０４３９,0,통상 공격.
440,ＳＫＩＬＬ０４４０,0,통상 공격.
441,ＳＫＩＬＬ０４４１,0,통상 공격.
442,ＳＫＩＬＬ０４４２,0,통상 공격.
443,ＳＫＩＬＬ０４４３,0,통상 공격.
444,ＳＫＩＬＬ０４４４,0,통상 공격.
445,ＳＫＩＬＬ０４４５,0,통상 공격.
446,ＳＫＩＬＬ０４４６,0,통상 공격.
447,ＳＫＩＬＬ０４４７,0,통상 공격.
448,ＳＫＩＬＬ０４４８,0,통상 공격.
449,ＳＫＩＬＬ０４４９,0,통상 공격.
450,ＳＫＩＬＬ０４５０,0,통상 공격.
451,루미너스 플럭스 ,2,자신이 준 대미지의 1/3의 대미지를 받는다.
452,파사의 활 ,1,10%의 확률로 상대를 풀죽게 한다.
453,아토믹 에너지 ,2,준 대미지의 절반의 HP를 회복한다.
454,라이트 재블린 ,1,10%의 확률로 상대를 혼란 상태로 만든다.
455,천광의 춤 ,2,어떠한 기상 상태일 때 위력을 2배로 하고 기상을 해제한다.
456,오버레이 ,2,통상 공격.
457,펄스 레이저 ,2,다음 턴에 자신은 움직일 수 없게 된다.
458,아크 라이트 ,2,공격 후 자신의 산탄을 두 단계 내린다.
459,문 보우 ,1,통상 공격.
460,스타 플레어 ,1,20%의 확률로 상대의 명중을 한 단계 내린다.
461,필드 배리어 ,0,5턴 동안 배리어로 상대로부터 받은 산탄 스킬의 대미지가 반감된다.
462,필드 프로텍트 ,0,5턴 동안 프로텍트로 상대로부터 받은 집탄 스킬의 대미지가 반감된다.
463,행운의 무지개 ,0,5턴 동안 자신의 자리에 무지개를 만들어 상태이상이 되지 않도록 한다.
464,태양의 가호 ,0,자신의 집탄과 산탄을 한 단계 올린다. 나기나 극광일 때 효과가 오른다.
465,달의 가호 ,0,자신의 산탄과 산방을 한 단계 올린다.
466,점성술 ,0,상대의 집탄을 두 단계 내린다.
467,개기일식 ,0,상대를 공포와 혼란 상태로 만든다.
468,섬광탄 ,0,상대를 혼란 상태로 만든다.
469,기상발현「극광」 ,0,기상을 극광으로 한다.
470,라이트 업 ,2,통렬한 일격이 나오기 쉽다.
471,엔젤 레이더 ,2,20%의 확률로 상대의 명중을 한 단계 내린다.
472,원초의 빛 ,2,통상 공격.
473,난반사 레이저 ,2,20%의 확률로 상대를 풀죽게 한다.
474,광부 ,2,속성 부적은 하나만 배울 수 있다.
475,별모으기 ,0,자신의 집탄을 한 단계 올린다.
476,천지발현「백광」 ,0,기상을 극광으로 하고 지상을 백호로 한다.
477,ＳＫＩＬＬ０４７７,0,통상 공격.
478,ＳＫＩＬＬ０４７８,0,통상 공격.
479,ＳＫＩＬＬ０４７９,0,통상 공격.
480,ＳＫＩＬＬ０４８０,0,통상 공격.
481,ＳＫＩＬＬ０４８１,0,통상 공격.
482,ＳＫＩＬＬ０４８２,0,통상 공격.
483,ＳＫＩＬＬ０４８３,0,통상 공격.
484,ＳＫＩＬＬ０４８４,0,통상 공격.
485,ＳＫＩＬＬ０４８５,0,통상 공격.
486,ＳＫＩＬＬ０４８６,0,통상 공격.
487,ＳＫＩＬＬ０４８７,0,통상 공격.
488,ＳＫＩＬＬ０４８８,0,통상 공격.
489,ＳＫＩＬＬ０４８９,0,통상 공격.
490,ＳＫＩＬＬ０４９０,0,통상 공격.
491,ＳＫＩＬＬ０４９１,0,통상 공격.
492,ＳＫＩＬＬ０４９２,0,통상 공격.
493,ＳＫＩＬＬ０４９３,0,통상 공격.
494,ＳＫＩＬＬ０４９４,0,통상 공격.
495,ＳＫＩＬＬ０４９５,0,통상 공격.
496,ＳＫＩＬＬ０４９６,0,통상 공격.
497,ＳＫＩＬＬ０４９７,0,통상 공격.
498,ＳＫＩＬＬ０４９８,0,통상 공격.
499,ＳＫＩＬＬ０４９９,0,통상 공격.
500,ＳＫＩＬＬ０５００,0,통상 공격.
501,황혼 인펙션 ,2,통상 공격.
502,다크 스피어 ,2,20%의 확률로 상대를 풀죽게 한다. 카무플라주 상태의 상대는 반드시 공격이 맞게 되고 위력이 2배가 된다.
503,블랙아웃 ,1,30%의 확률로 상대를 암흑 상태로 만든다.
504,체인질링 ,1,공격 후 대기인형과 교대한다. 야생 인형과의 전투는 끝난다.
505,패닉 콜 ,2,상대가 장식품을 가지고 있으면 위력이 1.5배가 되고 상대의 장식품을 없앤다.
506,로스트 크라이시스 ,1,어떠한 지상 상태일 때 위력을 2배로 하고 지상을 해제한다.
507,다크 애로우 ,1,2회 연속으로 공격한다.
508,무지의 어둠 ,2,2-5회 연속으로 공격한다.
509,암흑연무 ,1,2-3턴 동안 같은 공격을 한다. 이후 혼란 상태가 된다.
510,다크니스 스위트 ,2,10%의 확률로 상대를 암흑 상태로 만든다.
511,라플라스의 눈 ,1,통렬한 일격이 나오기 쉽다.
512,무한의 어둠 ,2,4-5턴 동안 상대를 가두어 공격한다.
513,샤크 트레이드 ,0,상대와 자신의 장식품을 교환한다.
514,블랙홀 ,0,상대를 전투에서 도망칠 수 없게 한다.
515,인형의 원한 ,0,자신은 전투 불능이 되지만 상대의 집탄과 산탄을 두 단계 내린다.
516,섀도우 파워 ,0,자신의 집탄과 집방을 한 단계 올린다.
517,바인드 트랩 ,0,바인드 트랩을 설치하여 교대로 나온 상대의 인형의 준민을 한 단계 내린다.
518,달콤한 악몽 ,0,상대를 암흑 상태로 만든다.
519,기상발현「농무」 ,0,기상을 농무로 한다.
520,다크 볼 ,1,10%의 확률로 상대를 암흑 상태로 만든다.
521,혼자 그림자놀이 ,1,10%의 확률로 상대를 암흑 상태로 만든다.
522,배드 문 ,1,10%의 확률로 상대를 암흑 상태로 만든다.
523,블러디 스톰 ,2,10%의 확률로 상대를 풀죽게 한다.
524,암부 ,2,속성 부적은 하나만 배울 수 있다.
525,밤의 어둠 ,0,자신의 회피를 한 단계 올린다.
526,나이트 스텝 ,1,통상 공격.
527,침식암기 ,0,상대를 독과 암흑 상태로 만든다.
528,천지발현「홍무」 ,0,기상을 농무로 하고 지상을 주작으로 한다.
529,ＳＫＩＬＬ０５２９,0,통상 공격.
530,ＳＫＩＬＬ０５３０,0,통상 공격.
531,ＳＫＩＬＬ０５３１,0,통상 공격.
532,ＳＫＩＬＬ０５３２,0,통상 공격.
533,ＳＫＩＬＬ０５３３,0,통상 공격.
534,ＳＫＩＬＬ０５３４,0,통상 공격.
535,ＳＫＩＬＬ０５３５,0,통상 공격.
536,ＳＫＩＬＬ０５３６,0,통상 공격.
537,ＳＫＩＬＬ０５３７,0,통상 공격.
538,ＳＫＩＬＬ０５３８,0,통상 공격.
539,ＳＫＩＬＬ０５３９,0,통상 공격.
540,ＳＫＩＬＬ０５４０,0,통상 공격.
541,ＳＫＩＬＬ０５４１,0,통상 공격.
542,ＳＫＩＬＬ０５４２,0,통상 공격.
543,ＳＫＩＬＬ０５４３,0,통상 공격.
544,ＳＫＩＬＬ０５４４,0,통상 공격.
545,ＳＫＩＬＬ０５４５,0,통상 공격.
546,ＳＫＩＬＬ０５４６,0,통상 공격.
547,ＳＫＩＬＬ０５４７,0,통상 공격.
548,ＳＫＩＬＬ０５４８,0,통상 공격.
549,ＳＫＩＬＬ０５４９,0,통상 공격.
550,ＳＫＩＬＬ０５５０,0,통상 공격.
551,베놈 노바 ,1,10%의 확률로 상대를 독 상태로 만든다.
552,더스트 봄 ,1,30%의 확률로 상대를 독 상태로 만든다.
553,독화살 ,1,통렬한 일격이 나오기 쉽고 10%의 확률로 상대를 독 상태로 만든다.
554,베놈 스트라이크 ,1,자신이 장식품을 가지고 있으면 사용할 수 없다. 20%의 확률로 상대를 독 상태로 만든다.
555,포이즌 봄 ,1,10%의 확률로 상대를 독 상태로 만든다.
556,부정의 어금니 ,1,30%의 확률로 상대를 독 상태로 만든다.
557,수수께끼의 액체 ,1,독 맹독 상태의 상대에게는 위력이 2배가 된다.
558,네거티브 미스트 ,2,상대의 능력 변화를 원래대로 되돌린다. 공격이 반드시 명중한다.
559,맹독 스파이럴 ,2,상대의 산방을 두 단계 내린다.
560,포이즌 트랩 ,0,포이즌 트랩을 설치하여 교대로 나온 상대의 인형을 독 상태로 만든다. 2번 사용하면 맹독 상태로 만든다.
561,미아즈마 ,0,상대를 맹독 상태로 만든다. 독 속성의 인형이 사용하면 반드시 명중한다.
562,퍼플 스모그 ,2,10%의 확률로 상대를 독 상태로 만든다.
563,슬러지 볼 ,1,20%의 확률로 상대를 맹독 상태로 만든다.
564,연막탄 ,1,30%의 확률로 상대를 독 상태로 만든다.
565,맹독가스 ,2,20%의 확률로 상대를 맹독 상태로 만든다.
566,독부 ,2,속성 부적은 하나만 배울 수 있다.
567,감염 ,0,상대를 독 상태로 만든다.
568,독의 탁류 ,2,통상 공격.
569,우울의 비 ,2,상대의 능력 변화를 원래대로 되돌린다. 공격이 반드시 명중한다.
570,스위트 데스페라도 ,2,공격 후 자신의 산탄을 두 단계 내린다.
571,산성 눈물 ,0,상대를 독과 공포 상태로 만든다.
572,ＳＫＩＬＬ０５７２,0,통상 공격.
573,ＳＫＩＬＬ０５７３,0,통상 공격.
574,ＳＫＩＬＬ０５７４,0,통상 공격.
575,ＳＫＩＬＬ０５７５,0,통상 공격.
576,ＳＫＩＬＬ０５７６,0,통상 공격.
577,ＳＫＩＬＬ０５７７,0,통상 공격.
578,ＳＫＩＬＬ０５７８,0,통상 공격.
579,ＳＫＩＬＬ０５７９,0,통상 공격.
580,ＳＫＩＬＬ０５８０,0,통상 공격.
581,ＳＫＩＬＬ０５８１,0,통상 공격.
582,ＳＫＩＬＬ０５８２,0,통상 공격.
583,ＳＫＩＬＬ０５８３,0,통상 공격.
584,ＳＫＩＬＬ０５８４,0,통상 공격.
585,ＳＫＩＬＬ０５８５,0,통상 공격.
586,ＳＫＩＬＬ０５８６,0,통상 공격.
587,ＳＫＩＬＬ０５８７,0,통상 공격.
588,ＳＫＩＬＬ０５８８,0,통상 공격.
589,ＳＫＩＬＬ０５８９,0,통상 공격.
590,ＳＫＩＬＬ０５９０,0,통상 공격.
591,ＳＫＩＬＬ０５９１,0,통상 공격.
592,ＳＫＩＬＬ０５９２,0,통상 공격.
593,ＳＫＩＬＬ０５９３,0,통상 공격.
594,ＳＫＩＬＬ０５９４,0,통상 공격.
595,ＳＫＩＬＬ０５９５,0,통상 공격.
596,ＳＫＩＬＬ０５９６,0,통상 공격.
597,ＳＫＩＬＬ０５９７,0,통상 공격.
598,ＳＫＩＬＬ０５９８,0,통상 공격.
599,ＳＫＩＬＬ０５９９,0,통상 공격.
600,ＳＫＩＬＬ０６００,0,통상 공격.
601,망령 미드나이트 ,1,10%의 확률로 상대를 공포 상태로 만든다. 자신이 준 대미지의 1/3의 대미지를 받는다.
602,스토크 머더 ,1,한번 사라지고 다음 턴에 공격한다. 필드 배리어를 무시하고 공격한다. 공격이 반드시 명중한다.
603,섀도우 재블린 ,1,10%의 확률로 상대를 공포 상태로 만든다.
604,소울 하운드 ,2,공격이 반드시 명중한다.
605,삼혼칠백의 이산 ,2,자신이 장식품을 가지고 있지 않을 때 위력이 2배가 된다.
606,섀도우 봄 ,1,통상 공격.
607,카론 페릿지 ,2,자신의 레벨만큼 상대에게 대미지를 준다.
608,폴터가이스트 ,1,10%의 확률로 상대를 공포 상태로 만든다.
609,굶주린 영혼 ,1,통상 공격.
610,고스트 웨이브 ,2,30%의 확률로 상대를 공포 상태로 만든다.
611,러브 올 페인 ,1,상대가 상태이상일 때 위력이 2배가 된다.
612,소울 이트 ,1,10%의 확률로 자신의 모든 능력이 오른다.
613,죽은 자의 부름 ,0,이 스킬을 사용한 후 공격을 받고 전투 불능이 되었을 때 상대도 전투 불능으로 만든다.
614,저주 되돌리기 ,0,자신과 상대의 HP를 합쳐서 자신과 상대에게 나눈다.
615,사신의 춤 ,0,자신의 HP를 대가로 상대에게 사신을 소환한다.
616,저주 ,0,직전에 사용한 스킬을 4턴 동안 사용하지 못하게 한다.
617,음산한 비웃음 ,0,상대가 마지막으로 사용한 스킬의 SP를 4 줄인다.
618,뒤쪽의 정면 ,0,상대를 공포 상태로 만든다.
619,고스트 트릭 ,1,10%의 확률로 상대를 쇠약 상태로 만든다.
620,원령주의 ,1,10%의 확률로 상대를 쇠약 상태로 만든다.
621,도깨비불 워킹 ,1,30%의 확률로 상대를 공포 상태로 만든다.
622,공포 스폿 ,1,10%의 확률로 상대를 공포 상태로 만든다.
623,명부 ,2,속성 부적은 하나만 배울 수 있다.
624,돌탑 ,0,자신의 산방을 한 단계 올린다.
625,사령의 춤 ,1,10%의 확률로 상대를 공포 상태로 만든다.
626,요괴놀이 ,0,격투 속성 스킬이 맞지 않게 된다.
627,파멸의 눈동자 ,0,상대를 화상과 공포 상태로 만든다.
628,ＳＫＩＬＬ０６２８,0,통상 공격.
629,ＳＫＩＬＬ０６２９,0,통상 공격.
630,ＳＫＩＬＬ０６３０,0,통상 공격.
631,ＳＫＩＬＬ０６３１,0,통상 공격.
632,ＳＫＩＬＬ０６３２,0,통상 공격.
633,ＳＫＩＬＬ０６３３,0,통상 공격.
634,ＳＫＩＬＬ０６３４,0,통상 공격.
635,ＳＫＩＬＬ０６３５,0,통상 공격.
636,ＳＫＩＬＬ０６３６,0,통상 공격.
637,ＳＫＩＬＬ０６３７,0,통상 공격.
638,ＳＫＩＬＬ０６３８,0,통상 공격.
639,ＳＫＩＬＬ０６３９,0,통상 공격.
640,ＳＫＩＬＬ０６４０,0,통상 공격.
641,ＳＫＩＬＬ０６４１,0,통상 공격.
642,ＳＫＩＬＬ０６４２,0,통상 공격.
643,ＳＫＩＬＬ０６４３,0,통상 공격.
644,ＳＫＩＬＬ０６４４,0,통상 공격.
645,ＳＫＩＬＬ０６４５,0,통상 공격.
646,ＳＫＩＬＬ０６４６,0,통상 공격.
647,ＳＫＩＬＬ０６４７,0,통상 공격.
648,ＳＫＩＬＬ０６４８,0,통상 공격.
649,ＳＫＩＬＬ０６４９,0,통상 공격.
650,ＳＫＩＬＬ０６５０,0,통상 공격.
651,크로스 카운터 ,1,그 턴 마지막에 받은 집중 스킬을 위력을 2배로 하여 되돌린다.
652,붕산장 ,1,상대의 코스트가 높을수록 위력이 오른다.
653,합기도 극의 ,1,자신의 레벨만큼 상대에게 대미지를 준다.
654,풍전등화 ,2,자신의 HP가 낮을수록 위력이 오른다.
655,진공파쇄권 ,1,다음 턴에 자신은 움직일 수 없게 된다.
656,메테오 임팩트 ,1,스킬을 사용할 때 공격 스킬을 받으면 실패한다.
657,사명의 자세 ,1,공격이 빗나가면 자신의 최대 HP의 절반의 대미지를 받는다.
658,폭렬주먹 ,1,상대를 혼란 상태로 만든다.
659,천승 ,1,공격 후 자신의 집방과 산방을 한 단계 내린다.
660,크로스 드라이브 ,1,공격후 자신의 준민을 한 단계 내린다.
661,댄싱 소드 ,1,통렬한 일격이 나오기 쉽다.
662,라이프 버스트 ,2,공격이 반드시 명중한다.
663,아우라 드레인 ,1,준 대미지의 절반의 HP를 회복한다.
664,브레이크 샷 ,1,상대의 필드 배리어와 필드 프로텍트를 파괴하고 공격한다.
665,냉정과 정열의 틈 ,2,상대에게 공격 스킬을 받으면 위력이 2배가 된다.
666,차징 스턴 ,1,공격 후 상대의 대기인형을 끌어낸다.
667,코르크 스크류 ,1,70%의 확률로 자신의 집탄을 한 단계 올린다.
668,스트라이크 샷 ,1,통상 공격.
669,천벌의 일격 ,2,자신은 전투 불능이 되지만 상대에게 HP만큼의 대미지를 준다.
670,기간틱 ,2,10%의 확률로 상대의 산방을 한 단계 내린다.
671,진탕 ,2,20%의 확률로 상대를 풀죽게 한다.
672,언더 스텝 ,1,상대의 준민을 한 단계 내린다.
673,두 번 치기 ,1,2회 연속으로 공격한다.
674,러시 어택 ,1,2-5회 연속으로 공격한다.
675,팔복신의 가호 ,0,자신의 통렬한 일격이 나올 확률을 두 단계 올린다.
676,정권지르기 ,1,통렬한 일격이 나오기 쉽다.
677,손등치기 ,1,통상 공격.
678,두할 ,1,통상 공격.
679,나선공격 ,2,10%의 확률로 자신의 산탄을 한 단계 올린다.
680,투부 ,2,속성 부적은 하나만 배울 수 있다.
681,낙법 ,0,자신의 집방을 한 단계 올린다.
682,브레이브 버스트 ,2,통상 공격.
683,슈팅 아트 ,1,2-5회 연속으로 공격한다.
684,ＳＫＩＬＬ０６８４,0,통상 공격.
685,ＳＫＩＬＬ０６８５,0,통상 공격.
686,ＳＫＩＬＬ０６８６,0,통상 공격.
687,ＳＫＩＬＬ０６８７,0,통상 공격.
688,ＳＫＩＬＬ０６８８,0,통상 공격.
689,ＳＫＩＬＬ０６８９,0,통상 공격.
690,ＳＫＩＬＬ０６９０,0,통상 공격.
691,ＳＫＩＬＬ０６９１,0,통상 공격.
692,ＳＫＩＬＬ０６９２,0,통상 공격.
693,ＳＫＩＬＬ０６９３,0,통상 공격.
694,ＳＫＩＬＬ０６９４,0,통상 공격.
695,ＳＫＩＬＬ０６９５,0,통상 공격.
696,ＳＫＩＬＬ０６９６,0,통상 공격.
697,ＳＫＩＬＬ０６９７,0,통상 공격.
698,ＳＫＩＬＬ０６９８,0,통상 공격.
699,ＳＫＩＬＬ０６９９,0,통상 공격.
700,ＳＫＩＬＬ０７００,0,통상 공격.
701,기적의 대가 ,2,상대의 능력이 오른 만큼 위력이 오른다.
702,도는 환상 ,2,상대의 탄을 사용하여 공격한다.
703,몽환포영 ,2,10%의 확률로 상대의 집방을 한 단계 내린다.
704,스니킹 ,1,상대가 사용하는 스킬이 공격 스킬이 아니라면 실패한다.
705,미라지 엣지 ,1,통렬한 일격이 나오기 쉽다.
706,나락의 꽃 ,1,30%의 확률로 상대를 무방비 상태로 만든다.
707,세인트 엘모의 불 ,1,상대가 장식품을 가지고 있으면 위력이 1.5배가 되고 상대의 장식품을 없앤다.
708,사기구슬,1 ,공격 후 상대의 장식품을 빼앗는다.
709,인비지블 하트 ,2,공격이 반드시 명중한다.
710,고식 ,1,상대보다 나중에 공격할 때 위력이 2배가 된다.
711,추벌 ,1,상대가 교대할 때 사용하면 위력이 2배가 되고 교대 전에 공격한다.
712,그래비티 블래스트 ,2,상대의 HP가 낮을수록 위력이 낮아진다.
713,물거울 ,2,그 턴 마지막에 받은 확산 스킬을 위력을 2배로 하여 되돌린다.
714,카타스트로피 ,2,10%의 확률로 상대의 산방을 한 단계 내린다.
715,환혹 판데믹 ,2,상대를 혼란 상태로 만든다.
716,언노운 플레어 ,2,30%의 확률로 상대를 혼란 상태로 만든다.
717,이상한 파동 ,2,상대의 집방과 산방을 바꿔서 공격한다.
718,컨티뉴 ,0,2턴 동안 정지 상태가 되고 HP와 상태 이상을 전부 회복한다.
719,신기루 ,0,변화 스킬을 상대에게 되돌린다.
720,임사체험 ,0,마지막에 사용된 스킬로 상대를 공격한다.
721,암네시아 ,0,다음 턴에 상대를 정지 상태로 만든다.
722,공격치환 ,0,자신과 상대의 집탄과 산탄의 능력 변화를 바꾼다.
723,어택 민 ,0,자신과 상대의 집탄과 산탄을 더해 절반으로 나눈다.
724,크로스 체인지 ,0,자신과 상대의 어빌리티를 교체한다.
725,방어치환 ,0,자신과 상대의 집방과 산방의 능력 변화를 바꾼다.
726,방어 민 ,0,자신과 상대의 집방과 산방을 더해 절반으로 나눈다.
727,허상 ,0,자신의 속성을 자신의 맨 위의 스킬과 같은 속성으로 바꾼다.
728,도플갱어 ,0,자신의 속성을 상대의 속성과 같게 바꾼다.
729,이매지네이트 ,0,자신의 집탄과 집방을 바꾼다.
730,정직한 자의 거짓말 ,0,자신의 상태이상을 상대에게 넘기고 자신은 치료된다.
731,포제션 ,0,자신의 어빌리티를 상대의 어빌리티와 같게 한다.
732,투영 ,0,능력 변화 상태를 상대와 같게 한다.
733,악몽의 상기 ,0,상대의 어빌리티를 활발로 한다.
734,마인드 컨트롤 ,0,상대의 어빌리티를 자신의 어빌리티와 같게 한다.
735,고르곤의 눈동자 ,0,상대를 정지 상태로 만든다.
736,연회만취 ,0,상대를 정지 상태로 만든다.
737,환각탄 ,1,통상 공격.
738,거울세계 ,2,30%의 확률로 상대를 풀죽게 한다.
739,윌 오브 더 위스프 ,2,통상 공격.
740,이매진 프렌드 ,2,10%의 확률로 상대의 산방을 한 단계 내린다.
741,환부 ,2,속성 부적은 하나만 배울 수 있다.
742,아지랑이 ,0,상대의 집탄을 한 단계 내린다.
743,환상 할루시네이션 ,2,통상 공격.
744,워드 브레이크 ,0,상대의 스킬 2개를 4턴 동안 사용하지 못하게 한다.
745,ＳＫＩＬＬ０７４５,0,통상 공격.
746,ＳＫＩＬＬ０７４６,0,통상 공격.
747,ＳＫＩＬＬ０７４７,0,통상 공격.
748,ＳＫＩＬＬ０７４８,0,통상 공격.
749,ＳＫＩＬＬ０７４９,0,통상 공격.
750,ＳＫＩＬＬ０７５０,0,통상 공격.
751,폭음 풀 버스트 ,2,공격 후 자신의 집탄과 집방을 한 단계 내린다.
752,하이톤 크래시 ,1,10%의 확률로 상대의 능력을 랜덤으로 1개를 한 단계 내린다.
753,댄싱 라인 ,1,50%의 확률로 상대의 집방을 한 단계 내린다.
754,유령 앙상블 ,2,상대의 집탄을 한 단계 내린다.
755,탄막 오케스트라 ,2,통상 공격.
756,울트라 하이톤 ,1,10%의 확률로 자신의 능력을 랜덤으로 1개를 한 단계 올린다.
757,하운드 노이즈 ,2,50%의 확률로 상대의 산방을 한 단계 내린다.
758,몽환의 멜로디 ,2,공격이 반드시 명중한다.
759,비애의 선율 ,2,상대의 산탄을 한 단계 내린다.
760,무한음계 ,2,자신의 능력이 오른 만큼 위력이 오른다.
761,인커리지 ,0,상대가 마지막에 사용한 스킬을 3턴 동안 계속 사용하게 한다.
762,업 비트 ,0,3턴 동안 상대는 대미지를 주는 스킬밖에 낼 수 없게 된다.
763,아 템포 ,0,전원의 능력 변화를 원래대로 되돌린다.
764,야유 ,0,상대의 대기인형을 끌어낸다.
765,파멸의 목소리 ,0,들은 인형은 3턴 후 전투 불능이 된다. 교대하면 효과는 사라진다.
766,브레이브 송 ,0,자신의 산탄을 두 단계 올린다.
767,격려 ,0,자신의 산방을 두 단계 올린다.
768,해피니스 댄스 ,0,자신의 집방과 산방을 한 단계 올린다.
769,고무 ,0,자신의 집방을 두 단계 올린다.
770,데크레센도 ,0,상대의 집탄과 산탄을 한 단계 내리고 대기인형과 교대한다. 야생인형과의 전투는 끝난다.
771,비명 ,0,상대의 집탄을 두 단계 내린다.
772,쇳소리 ,0,상대의 산탄을 두 단계 내린다.
773,고함 ,0,상대의 산방을 두 단계 내린다.
774,위상반전 ,0,상대의 능력 변화를 반전시킨다.
775,포효 ,0,상대의 집방을 두 단계 내린다.
776,클레임 ,0,상대는 같은 스킬을 2회 연속으로 사용할 수 없게 된다.
777,자장가 ,0,상대를 정지 상태로 만든다.
778,하울링 ,2,통상 공격.
779,엠비언트 ,2,10%의 확률로 상대의 능력을 랜덤으로 1개를 한 단계 내린다.
780,소프라노 보이스 ,2,통상 공격.
781,왈츠 ,2,10%의 확률로 자신의 능력을 랜덤으로 1개를 한 단계 올린다.
782,음부 ,2,속성 부적은 하나만 배울 수 있다.
783,튜닝 ,0,자신의 산탄을 한 단계 올린다.
784,ＳＫＩＬＬ０７８４,0,통상 공격.
785,ＳＫＩＬＬ０７８５,0,통상 공격.
786,ＳＫＩＬＬ０７８６,0,통상 공격.
787,ＳＫＩＬＬ０７８７,0,통상 공격.
788,ＳＫＩＬＬ０７８８,0,통상 공격.
789,ＳＫＩＬＬ０７８９,0,통상 공격.
790,ＳＫＩＬＬ０７９０,0,통상 공격.
791,ＳＫＩＬＬ０７９１,0,통상 공격.
792,ＳＫＩＬＬ０７９２,0,통상 공격.
793,ＳＫＩＬＬ０７９３,0,통상 공격.
794,ＳＫＩＬＬ０７９４,0,통상 공격.
795,ＳＫＩＬＬ０７９５,0,통상 공격.
796,ＳＫＩＬＬ０７９６,0,통상 공격.
797,ＳＫＩＬＬ０７９７,0,통상 공격.
798,ＳＫＩＬＬ０７９８,0,통상 공격.
799,ＳＫＩＬＬ０７９９,0,통상 공격.
800,ＳＫＩＬＬ０８００,0,통상 공격.
801,오버드라이브 ,2,공격 후 자신의 집탄이 두 단계 내려간다.
802,디스토션 봄 ,1,10%의 확률로 상대의 집방을 한 단계 내린다.
803,매혹의 미로 ,2,상대의 집방과 산방을 바꿔서 공격한다.
804,스텔스 머더 ,1,상대의 배리어 옵션을 무시하고 공격할 수 있다. 공격이 반드시 명중한다.
805,트릭스터 ,1,통상 공격.
806,미무낙화 ,2,1턴에 힘을 모아 2턴째에 공격한다. 기상이 농무일 때는 힘을 모으지 않고 사용할 수 있다.
807,인스팅션 ,2,10%의 확률로 상대의 산방을 한 단계 내린다.
808,감미로운 속삭임 ,2,상대의 집방과 산방을 바꿔서 공격한다.
809,필드 브레이크 ,1,상대의 필드 배리어와 필드 프로텍트를 파괴하고 공격한다.
810,불가역 트릭 ,2,방어 결계와 배리어 옵션을 무시하고 상대가 변화 스킬을 사용하면 위력이 1.5배가 된다. 공격이 반드시 명중한다.
811,미러 대미지 ,2,상대로부터 공격 스킬을 받으면 위력이 2배가 된다.
812,포스 실드 ,0,사용한 턴 무방비가 되고 속성결계가 무효화되지만 받는 대미지가 적어진다. 연속으로 사용하면 실패하기 쉽다.
813,엘리먼트 리버스 ,0,상대의 속성 결계를 반전시킨다.
814,필드 쉬프트 ,0,상대의 배리어 옵션이나 배리어를 자신의 자리에 이동한다.
815,정신왜곡 ,0,상대를 어둠과 혼란 상태로 만든다
816,기상발현「여우비」 ,0,기상을 여우비로 한다.
817,왜부 ,2,속성 부적은 하나만 배울 수 있다.
818,천지발현「흑우」 ,0,기상을 여우비로 하고 지상을 현무로 한다.
819,시간의 나선 ,2,공격이 반드시 명중한다.
820,천지무극 ,0,모든 기상·지상을 해제한다.
821,ＳＫＩＬＬ０８２１,0,통상 공격.
822,ＳＫＩＬＬ０８２２,0,통상 공격.
823,ＳＫＩＬＬ０８２３,0,통상 공격.
824,ＳＫＩＬＬ０８２４,0,통상 공격.
825,ＳＫＩＬＬ０８２５,0,통상 공격.
826,ＳＫＩＬＬ０８２６,0,통상 공격.
827,ＳＫＩＬＬ０８２７,0,통상 공격.
828,ＳＫＩＬＬ０８２８,0,통상 공격.
829,ＳＫＩＬＬ０８２９,0,통상 공격.
830,ＳＫＩＬＬ０８３０,0,통상 공격.
831,ＳＫＩＬＬ０８３１,0,통상 공격.
832,ＳＫＩＬＬ０８３２,0,통상 공격.
833,ＳＫＩＬＬ０８３３,0,통상 공격.
834,ＳＫＩＬＬ０８３４,0,통상 공격.
835,ＳＫＩＬＬ０８３５,0,통상 공격.
836,ＳＫＩＬＬ０８３６,0,통상 공격.
837,ＳＫＩＬＬ０８３７,0,통상 공격.
838,ＳＫＩＬＬ０８３８,0,통상 공격.
839,ＳＫＩＬＬ０８３９,0,통상 공격.
840,ＳＫＩＬＬ０８４０,0,통상 공격.
841,ＳＫＩＬＬ０８４１,0,통상 공격.
842,ＳＫＩＬＬ０８４２,0,통상 공격.
843,ＳＫＩＬＬ０８４３,0,통상 공격.
844,ＳＫＩＬＬ０８４４,0,통상 공격.
845,ＳＫＩＬＬ０８４５,0,통상 공격.
846,ＳＫＩＬＬ０８４６,0,통상 공격.
847,ＳＫＩＬＬ０８４７,0,통상 공격.
848,ＳＫＩＬＬ０８４８,0,통상 공격.
849,ＳＫＩＬＬ０８４９,0,통상 공격.
850,ＳＫＩＬＬ０８５０,0,통상 공격.
851,ＳＫＩＬＬ０８５１,0,통상 공격.
852,ＳＫＩＬＬ０８５２,0,통상 공격.
853,ＳＫＩＬＬ０８５３,0,통상 공격.
854,ＳＫＩＬＬ０８５４,0,통상 공격.
855,ＳＫＩＬＬ０８５５,0,통상 공격.
856,ＳＫＩＬＬ０８５６,0,통상 공격.
857,ＳＫＩＬＬ０８５７,0,통상 공격.
858,ＳＫＩＬＬ０８５８,0,통상 공격.
859,ＳＫＩＬＬ０８５９,0,통상 공격.
860,ＳＫＩＬＬ０８６０,0,통상 공격.
861,ＳＫＩＬＬ０８６１,0,통상 공격.
862,ＳＫＩＬＬ０８６２,0,통상 공격.
863,ＳＫＩＬＬ０８６３,0,통상 공격.
864,ＳＫＩＬＬ０８６４,0,통상 공격.
865,ＳＫＩＬＬ０８６５,0,통상 공격.
866,ＳＫＩＬＬ０８６６,0,통상 공격.
867,ＳＫＩＬＬ０８６７,0,통상 공격.
868,ＳＫＩＬＬ０８６８,0,통상 공격.
869,ＳＫＩＬＬ０８６９,0,통상 공격.
870,ＳＫＩＬＬ０８７０,0,통상 공격.
871,ＳＫＩＬＬ０８７１,0,통상 공격.
872,ＳＫＩＬＬ０８７２,0,통상 공격.
873,ＳＫＩＬＬ０８７３,0,통상 공격.
874,ＳＫＩＬＬ０８７４,0,통상 공격.
875,ＳＫＩＬＬ０８７５,0,통상 공격.
876,ＳＫＩＬＬ０８７６,0,통상 공격.
877,ＳＫＩＬＬ０８７７,0,통상 공격.
878,ＳＫＩＬＬ０８７８,0,통상 공격.
879,ＳＫＩＬＬ０８７９,0,통상 공격.
880,ＳＫＩＬＬ０８８０,0,통상 공격.
881,ＳＫＩＬＬ０８８１,0,통상 공격.
882,ＳＫＩＬＬ０８８２,0,통상 공격.
883,ＳＫＩＬＬ０８８３,0,통상 공격.
884,ＳＫＩＬＬ０８８４,0,통상 공격.
885,ＳＫＩＬＬ０８８５,0,통상 공격.
886,ＳＫＩＬＬ０８８６,0,통상 공격.
887,ＳＫＩＬＬ０８８７,0,통상 공격.
888,ＳＫＩＬＬ０８８８,0,통상 공격.
889,ＳＫＩＬＬ０８８９,0,통상 공격.
890,ＳＫＩＬＬ０８９０,0,통상 공격.
891,ＳＫＩＬＬ０８９１,0,통상 공격.
892,ＳＫＩＬＬ０８９２,0,통상 공격.
893,ＳＫＩＬＬ０８９３,0,통상 공격.
894,ＳＫＩＬＬ０８９４,0,통상 공격.
895,ＳＫＩＬＬ０８９５,0,통상 공격.
896,ＳＫＩＬＬ０８９６,0,통상 공격.
897,ＳＫＩＬＬ０８９７,0,통상 공격.
898,ＳＫＩＬＬ０８９８,0,통상 공격.
899,ＳＫＩＬＬ０８９９,0,통상 공격.
900,ＳＫＩＬＬ０９００,0,통상 공격.
901,ＳＫＩＬＬ０９０１,0,통상 공격.
902,ＳＫＩＬＬ０９０２,0,통상 공격.
903,ＳＫＩＬＬ０９０３,0,통상 공격.
904,ＳＫＩＬＬ０９０４,0,통상 공격.
905,ＳＫＩＬＬ０９０５,0,통상 공격.
906,ＳＫＩＬＬ０９０６,0,통상 공격.
907,ＳＫＩＬＬ０９０７,0,통상 공격.
908,ＳＫＩＬＬ０９０８,0,통상 공격.
909,ＳＫＩＬＬ０９０９,0,통상 공격.
910,ＳＫＩＬＬ０９１０,0,통상 공격.
911,ＳＫＩＬＬ０９１１,0,통상 공격.
912,ＳＫＩＬＬ０９１２,0,통상 공격.
913,ＳＫＩＬＬ０９１３,0,통상 공격.
914,ＳＫＩＬＬ０９１４,0,통상 공격.
915,ＳＫＩＬＬ０９１５,0,통상 공격.
916,ＳＫＩＬＬ０９１６,0,통상 공격.
917,ＳＫＩＬＬ０９１７,0,통상 공격.
918,ＳＫＩＬＬ０９１８,0,통상 공격.
919,ＳＫＩＬＬ０９１９,0,통상 공격.
920,ＳＫＩＬＬ０９２０,0,통상 공격.
921,ＳＫＩＬＬ０９２１,0,통상 공격.
922,ＳＫＩＬＬ０９２２,0,통상 공격.
923,ＳＫＩＬＬ０９２３,0,통상 공격.
924,ＳＫＩＬＬ０９２４,0,통상 공격.
925,ＳＫＩＬＬ０９２５,0,통상 공격.
926,ＳＫＩＬＬ０９２６,0,통상 공격.
927,ＳＫＩＬＬ０９２７,0,통상 공격.
928,ＳＫＩＬＬ０９２８,0,통상 공격.
929,ＳＫＩＬＬ０９２９,0,통상 공격.
930,ＳＫＩＬＬ０９３０,0,통상 공격.
931,ＳＫＩＬＬ０９３１,0,통상 공격.
932,ＳＫＩＬＬ０９３２,0,통상 공격.
933,ＳＫＩＬＬ０９３３,0,통상 공격.
934,ＳＫＩＬＬ０９３４,0,통상 공격.
935,ＳＫＩＬＬ０９３５,0,통상 공격.
936,ＳＫＩＬＬ０９３６,0,통상 공격.
937,ＳＫＩＬＬ０９３７,0,통상 공격.
938,ＳＫＩＬＬ０９３８,0,통상 공격.
939,ＳＫＩＬＬ０９３９,0,통상 공격.
940,ＳＫＩＬＬ０９４０,0,통상 공격.
941,ＳＫＩＬＬ０９４１,0,통상 공격.
942,ＳＫＩＬＬ０９４２,0,통상 공격.
943,ＳＫＩＬＬ０９４３,0,통상 공격.
944,ＳＫＩＬＬ０９４４,0,통상 공격.
945,ＳＫＩＬＬ０９４５,0,통상 공격.
946,ＳＫＩＬＬ０９４６,0,통상 공격.
947,ＳＫＩＬＬ０９４７,0,통상 공격.
948,ＳＫＩＬＬ０９４８,0,통상 공격.
949,ＳＫＩＬＬ０９４９,0,통상 공격.
950,ＳＫＩＬＬ０９５０,0,통상 공격.
951,ＳＫＩＬＬ０９５１,0,통상 공격.
952,ＳＫＩＬＬ０９５２,0,통상 공격.
953,ＳＫＩＬＬ０９５３,0,통상 공격.
954,ＳＫＩＬＬ０９５４,0,통상 공격.
955,ＳＫＩＬＬ０９５５,0,통상 공격.
956,ＳＫＩＬＬ０９５６,0,통상 공격.
957,ＳＫＩＬＬ０９５７,0,통상 공격.
958,ＳＫＩＬＬ０９５８,0,통상 공격.
959,ＳＫＩＬＬ０９５９,0,통상 공격.
960,ＳＫＩＬＬ０９６０,0,통상 공격.
961,ＳＫＩＬＬ０９６１,0,통상 공격.
962,ＳＫＩＬＬ０９６２,0,통상 공격.
963,ＳＫＩＬＬ０９６３,0,통상 공격.
964,ＳＫＩＬＬ０９６４,0,통상 공격.
965,ＳＫＩＬＬ０９６５,0,통상 공격.
966,ＳＫＩＬＬ０９６６,0,통상 공격.
967,ＳＫＩＬＬ０９６７,0,통상 공격.
968,ＳＫＩＬＬ０９６８,0,통상 공격.
969,ＳＫＩＬＬ０９６９,0,통상 공격.
970,ＳＫＩＬＬ０９７０,0,통상 공격.
971,ＳＫＩＬＬ０９７１,0,통상 공격.
972,ＳＫＩＬＬ０９７２,0,통상 공격.
973,ＳＫＩＬＬ０９７３,0,통상 공격.
974,ＳＫＩＬＬ０９７４,0,통상 공격.
975,ＳＫＩＬＬ０９７５,0,통상 공격.
976,ＳＫＩＬＬ０９７６,0,통상 공격.
977,ＳＫＩＬＬ０９７７,0,통상 공격.
978,ＳＫＩＬＬ０９７８,0,통상 공격.
979,ＳＫＩＬＬ０９７９,0,통상 공격.
980,ＳＫＩＬＬ０９８０,0,통상 공격.
981,ＳＫＩＬＬ０９８１,0,통상 공격.
982,ＳＫＩＬＬ０９８２,0,통상 공격.
983,ＳＫＩＬＬ０９８３,0,통상 공격.
984,ＳＫＩＬＬ０９８４,0,통상 공격.
985,ＳＫＩＬＬ０９８５,0,통상 공격.
986,ＳＫＩＬＬ０９８６,0,통상 공격.
987,ＳＫＩＬＬ０９８７,0,통상 공격.
988,ＳＫＩＬＬ０９８８,0,통상 공격.
989,ＳＫＩＬＬ０９８９,0,통상 공격.
990,ＳＫＩＬＬ０９９０,0,통상 공격.
991,ＳＫＩＬＬ０９９１,0,통상 공격.
992,ＳＫＩＬＬ０９９２,0,통상 공격.
993,ＳＫＩＬＬ０９９３,0,통상 공격.
994,ＳＫＩＬＬ０９９４,0,통상 공격.
995,ＳＫＩＬＬ０９９５,0,통상 공격.
996,ＳＫＩＬＬ０９９６,0,통상 공격.
997,ＳＫＩＬＬ０９９７,0,통상 공격.
998,ＳＫＩＬＬ０９９８,0,통상 공격.
999,ＳＫＩＬＬ０９９９,0,통상 공격.
1000,ＳＫＩＬＬ１０００,0,통상 공격.
1001,ＳＫＩＬＬ１００１,0,통상 공격.
1002,ＳＫＩＬＬ１００２,0,통상 공격.
1003,ＳＫＩＬＬ１００３,0,통상 공격.
1004,ＳＫＩＬＬ１００４,0,통상 공격.
1005,ＳＫＩＬＬ１００５,0,통상 공격.
1006,ＳＫＩＬＬ１００６,0,통상 공격.
1007,ＳＫＩＬＬ１００７,0,통상 공격.
1008,ＳＫＩＬＬ１００８,0,통상 공격.
1009,ＳＫＩＬＬ１００９,0,통상 공격.
1010,ＳＫＩＬＬ１０１０,0,통상 공격.
1011,ＳＫＩＬＬ１０１１,0,통상 공격.
1012,ＳＫＩＬＬ１０１２,0,통상 공격.
1013,ＳＫＩＬＬ１０１３,0,통상 공격.
1014,ＳＫＩＬＬ１０１４,0,통상 공격.
1015,ＳＫＩＬＬ１０１５,0,통상 공격.
1016,ＳＫＩＬＬ１０１６,0,통상 공격.
1017,ＳＫＩＬＬ１０１７,0,통상 공격.
1018,ＳＫＩＬＬ１０１８,0,통상 공격.
1019,ＳＫＩＬＬ１０１９,0,통상 공격.
1020,ＳＫＩＬＬ１０２０,0,통상 공격.
1021,ＳＫＩＬＬ１０２１,0,통상 공격.
1022,ＳＫＩＬＬ１０２２,0,통상 공격.
1023,더미 ,0,기상을 농무로 하고 지상을 주작으로 한다.
