무,무
하쿠레이 레이무,레이무 
키리사메 마리사,마리사 
신교쿠,신교쿠 
유겐마간,유겐마간 
엘리스,엘리스 
사리엘,사리엘 
미마,미마 
키쿠리,키쿠리 
콘가라,콘가라 
리카,리카 
봉마록 2면 중보스 (저주 소녀),무명
메이라,메이라 
봉마록 4면 중보스 (천사),무명
엘렌,엘렌 
코토히메,코토히메 
카나 아나베랄,카나 
아사쿠라 리카코,리카코 
키타시라카와 치유리,치유리 
오카자키 유메미,유메미 
미미짱&루~코토,미미짱&루~코토 
오렌지,오렌지 
쿠루미,쿠루미 
엘리,엘리 
환상향 4면 중보스,무명 
카자미 유카,유카 
무게츠,무게츠 
겐게츠,겐게츠 
괴기담 1면 중보스,무명 
사라,사라 
루이즈,루이즈 
앨리스 마가트로이드,앨리스 
유키,유키 
마이,마이 
괴기담 5면 중보스,무명
유메코,유메코 
신키,신키 
루미아,루미아 
대요정,대요정 
치르노,치르노 
홍 메이링,메이링 
소악마,소악마 
파츄리 널릿지,파츄리 
이자요이 사쿠야,사쿠야 
레밀리아 스칼렛,레밀리아 
플랑드르 스칼렛,플랑드르 
레티 화이트락,레티 
첸,첸 
릴리 화이트,릴리 
리리카 프리즘리버,리리카 
메를랑 프리즘리버,메를랑 
루나사 프리즘리버,루나사 
콘파쿠 요우무,요우무 
사이쿄우지 유유코,유유코 
야쿠모 란,란 
야쿠모 유카리,유카리 
우사미 렌코,렌코 
마에리베리 한,메리 
모리치카 린노스케,린노스케 
책 읽는 요괴,토키코 
리글 나이트버그,리글 
미스티아 로렐라이,미스티아 
카미시라사와 케이네,케이네 
이나바 테위,테위 
레이센 우동게인 이나바,우동게
야고코로 에이린,에이린 
호라이산 카구야,카구야 
후지와라노 모코우,모코우 
이부키 스이카,스이카 
서니 밀크,서니 
루나 차일드,루나 
스타 사파이어,스타 
메디슨 멜랑콜리,메디슨 
샤메이마루 아야,아야 
오노즈카 코마치,코마치 
시키에이키 야마자나두,시키에이키 
히에다노 아큐,아큐 
와타츠키노 요리히메,요리히메 
와타츠키노 토요히메,토요히메 
레이센,레이센 
아키 시즈하,시즈하 
아키 미노리코,미노리코 
카기야마 히나,히나 
카와시로 니토리,니토리 
이누바시리 모미지,모미지 
코치야 사나에,사나에 
야사카 카나코,카나코 
모리야 스와코,스와코 
나가에 이쿠,이쿠 
히나나위 텐시,텐시 
키스메,키스메 
쿠로다니 야마메,야마메 
미즈하시 파르시,파르시 
호시구마 유기,유기 
코메이지 사토리,사토리 
카엔뵤 린,오린 
레이우지 우츠호,오쿠 
코메이지 코이시,코이시 
나즈린,나즈린 
타타라 코가사,코가사 
쿠모이 이치린&운잔,이치린&운잔 
무라사 미나미츠,무라사 
토라마루 쇼,쇼 
히지리 뱌쿠렌,뱌쿠렌 
호쥬 누에,누에 
히메카이도 하타테,하타테 
이바라키 카센,카센 
카소다니 쿄코,쿄코 
미야코 요시카,요시카 
곽청아,청아 
소가노 토지코,토지코 
모노노베노 후토,후토 
토요사토미미노 미코,미코 
후타츠이와 마미조,마미조 
모토오리 코스즈,코스즈 
하타노 코코로,코코로 
와카사기히메,와카사기히메 
세키반키,세키반키 
이마이즈미 카게로,카게로 
츠쿠모 벤벤,벤벤 
츠쿠모 야츠하시,야츠하시 
키진 세이자,세이자 
스쿠나 신묘마루,신묘마루 
호리카와 라이코,라이코 
우사미 스미레코,스미레코 
세이란,세이란 
링고,링고 
도레미 스위트,도레미 
키신 사구메,사구메 
클라운피스,클라운피스 
순호,순호 
헤카티아 라피스라줄리,헤카티아 
Toho132, 무명
Toho133, 무명
Toho134, 무명
Toho135, 무명
Toho136, 무명
Toho137, 무명
Toho138, 무명
Toho139, 무명
Toho140, 무명
Toho141, 무명
Toho142, 무명
Toho143, 무명
Toho144, 무명
Toho145, 무명
Toho146, 무명
Toho147, 무명
Toho148, 무명
Toho149, 무명
Toho150, 무명
Toho151, 무명
Toho152, 무명
Toho153, 무명
Toho154, 무명
Toho155, 무명
Toho156, 무명
Toho157, 무명
Toho158, 무명
Toho159, 무명
Toho160, 무명
Toho161, 무명
Toho162, 무명
Toho163, 무명
Toho164, 무명
Toho165, 무명
Toho166, 무명
Toho167, 무명
Toho168, 무명
Toho169, 무명
Toho170, 무명
Toho171, 무명
Toho172, 무명
Toho173, 무명
Toho174, 무명
Toho175, 무명
Toho176, 무명
Toho177, 무명
Toho178, 무명
Toho179, 무명
Toho180, 무명
Toho181, 무명
Toho182, 무명
Toho183, 무명
Toho184, 무명
Toho185, 무명
Toho186, 무명
Toho187, 무명
Toho188, 무명
Toho189, 무명
Toho190, 무명
Toho191, 무명
Toho192, 무명
Toho193, 무명
Toho194, 무명
Toho195, 무명
Toho196, 무명
Toho197, 무명
Toho198, 무명
Toho199, 무명
Toho200, 무명
Toho201, 무명
Toho202, 무명
Toho203, 무명
Toho204, 무명
Toho205, 무명
Toho206, 무명
Toho207, 무명
Toho208, 무명
Toho209, 무명
Toho210, 무명
Toho211, 무명
Toho212, 무명
Toho213, 무명
Toho214, 무명
Toho215, 무명
Toho216, 무명
Toho217, 무명
Toho218, 무명
Toho219, 무명
Toho220, 무명
Toho221, 무명
Toho222, 무명
Toho223, 무명
Toho224, 무명
Toho225, 무명
Toho226, 무명
Toho227, 무명
Toho228, 무명
Toho229, 무명
Toho230, 무명
Toho231, 무명
Toho232, 무명
Toho233, 무명
Toho234, 무명
Toho235, 무명
Toho236, 무명
Toho237, 무명
Toho238, 무명
Toho239, 무명
Toho240, 무명
Toho241, 무명
Toho242, 무명
Toho243, 무명
Toho244, 무명
Toho245, 무명
Toho246, 무명
Toho247, 무명
Toho248, 무명
Toho249, 무명
Toho250, 무명
Toho251, 무명
Toho252, 무명
Toho253, 무명
Toho254, 무명
Toho255, 무명
Toho256, 무명
Toho257, 무명
Toho258, 무명
Toho259, 무명
Toho260, 무명
Toho261, 무명
Toho262, 무명
Toho263, 무명
Toho264, 무명
Toho265, 무명
Toho266, 무명
Toho267, 무명
Toho268, 무명
Toho269, 무명
Toho270, 무명
Toho271, 무명
Toho272, 무명
Toho273, 무명
Toho274, 무명
Toho275, 무명
Toho276, 무명
Toho277, 무명
Toho278, 무명
Toho279, 무명
Toho280, 무명
Toho281, 무명
Toho282, 무명
Toho283, 무명
Toho284, 무명
Toho285, 무명
Toho286, 무명
Toho287, 무명
Toho288, 무명
Toho289, 무명
Toho290, 무명
Toho291, 무명
Toho292, 무명
Toho293, 무명
Toho294, 무명
Toho295, 무명
Toho296, 무명
Toho297, 무명
Toho298, 무명
Toho299, 무명
Toho300, 무명
Toho301, 무명
Toho302, 무명
Toho303, 무명
Toho304, 무명
Toho305, 무명
Toho306, 무명
Toho307, 무명
Toho308, 무명
Toho309, 무명
Toho310, 무명
Toho311, 무명
Toho312, 무명
Toho313, 무명
Toho314, 무명
Toho315, 무명
Toho316, 무명
Toho317, 무명
Toho318, 무명
Toho319, 무명
Toho320, 무명
Toho321, 무명
Toho322, 무명
Toho323, 무명
Toho324, 무명
Toho325, 무명
Toho326, 무명
Toho327, 무명
Toho328, 무명
Toho329, 무명
Toho330, 무명
Toho331, 무명
Toho332, 무명
Toho333, 무명
Toho334, 무명
Toho335, 무명
Toho336, 무명
Toho337, 무명
Toho338, 무명
Toho339, 무명
Toho340, 무명
Toho341, 무명
Toho342, 무명
Toho343, 무명
Toho344, 무명
Toho345, 무명
Toho346, 무명
Toho347, 무명
Toho348, 무명
Toho349, 무명
Toho350, 무명
Toho351, 무명
Toho352, 무명
Toho353, 무명
Toho354, 무명
Toho355, 무명
Toho356, 무명
Toho357, 무명
Toho358, 무명
Toho359, 무명
Toho360, 무명
Toho361, 무명
Toho362, 무명
Toho363, 무명
Toho364, 무명
Toho365, 무명
Toho366, 무명
Toho367, 무명
Toho368, 무명
Toho369, 무명
Toho370, 무명
Toho371, 무명
Toho372, 무명
Toho373, 무명
Toho374, 무명
Toho375, 무명
Toho376, 무명
Toho377, 무명
Toho378, 무명
Toho379, 무명
Toho380, 무명
Toho381, 무명
Toho382, 무명
Toho383, 무명
Toho384, 무명
Toho385, 무명
Toho386, 무명
Toho387, 무명
Toho388, 무명
Toho389, 무명
Toho390, 무명
Toho391, 무명
Toho392, 무명
Toho393, 무명
Toho394, 무명
Toho395, 무명
Toho396, 무명
Toho397, 무명
Toho398, 무명
Toho399, 무명
Toho400, 무명
Toho401, 무명
Toho402, 무명
Toho403, 무명
Toho404, 무명
Toho405, 무명
Toho406, 무명
Toho407, 무명
Toho408, 무명
Toho409, 무명
Toho410, 무명
Toho411, 무명
Toho412, 무명
Toho413, 무명
Toho414, 무명
Toho415, 무명
Toho416, 무명
Toho417, 무명
Toho418, 무명
Toho419, 무명
Toho420, 무명
Toho421, 무명
Toho422, 무명
Toho423, 무명
Toho424, 무명
Toho425, 무명
Toho426, 무명
Toho427, 무명
Toho428, 무명
Toho429, 무명
Toho430, 무명
Toho431, 무명
Toho432, 무명
Toho433, 무명
Toho434, 무명
Toho435, 무명
Toho436, 무명
Toho437, 무명
Toho438, 무명
Toho439, 무명
Toho440, 무명
Toho441, 무명
Toho442, 무명
Toho443, 무명
Toho444, 무명
Toho445, 무명
Toho446, 무명
Toho447, 무명
Toho448, 무명
Toho449, 무명
Toho450, 무명
Toho451, 무명
Toho452, 무명
Toho453, 무명
Toho454, 무명
Toho455, 무명
Toho456, 무명
Toho457, 무명
Toho458, 무명
Toho459, 무명
Toho460, 무명
Toho461, 무명
Toho462, 무명
Toho463, 무명
Toho464, 무명
Toho465, 무명
Toho466, 무명
Toho467, 무명
Toho468, 무명
Toho469, 무명
Toho470, 무명
Toho471, 무명
Toho472, 무명
Toho473, 무명
Toho474, 무명
Toho475, 무명
Toho476, 무명
Toho477, 무명
Toho478, 무명
Toho479, 무명
Toho480, 무명
Toho481, 무명
Toho482, 무명
Toho483, 무명
Toho484, 무명
Toho485, 무명
Toho486, 무명
Toho487, 무명
Toho488, 무명
Toho489, 무명
Toho490, 무명
Toho491, 무명
Toho492, 무명
Toho493, 무명
Toho494, 무명
Toho495, 무명
Toho496, 무명
Toho497, 무명
Toho498, 무명
Toho499, 무명
Toho500, 무명
Toho501, 무명
Toho502, 무명
Toho503, 무명
Toho504, 무명
Toho505, 무명
Toho506, 무명
Toho507, 무명
Toho508, 무명
Toho509, 무명
Toho510, 무명
Toho511, 무명
