아이템ID,명칭,가격,샘플,전투,통상,버린다,장식,전생,스킬ID,설명문.
0,없음,0,255,0,0,0,0,0,0,1,NULL.
1,Item001,0,255,0,0,1,0,0,0,1,Item００１.
2,Item002,0,255,0,0,1,0,0,0,1,Item００２.
3,Item003,0,255,0,0,1,0,0,0,1,Item００３.
4,Item004,0,255,0,0,1,0,0,0,1,Item００４.
5,Item005,0,255,0,0,1,0,0,0,1,Item００５.
6,Item006,0,255,0,0,1,0,0,0,1,Item００６.
7,Item007,0,255,0,0,1,0,0,0,1,Item００７.
8,Item008,0,255,0,0,1,0,0,0,1,Item００８.
9,Item009,0,255,0,0,1,0,0,0,1,Item００９.
10,염주,100,0,0,1,1,0,0,0,1,일회용 염주.\n100걸음을 걷는 동안\n인형을 접근시키지 못하게 한다.
11,부적,200,0,0,1,1,0,0,0,1,일회용 부적.\n200걸음을 걷는 동안\n인형을 접근시키지 못하게 한다.
12,구옥,300,0,0,1,1,0,0,0,1,일회용 구옥.\n300걸음을 걷는 동안\n인형을 접근시키지 못하게 한다.
13,Item013,0,255,0,0,1,0,0,0,1,Item０１３.
14,Item014,0,255,0,0,1,0,0,0,1,Item０１４.
15,Item015,0,255,0,0,1,0,0,0,1,Item０１５.
16,동전,400,0,0,0,1,0,0,0,1,화폐로서는 쓸 수 없다.\n싼 가격에 팔 수 있다.
17,시계,400,0,0,0,1,0,0,0,1,바깥 세계에서 흘러 들어온 시간을\n알려주는 도구.\n싼 가격에 팔 수 있다. 
18,Item018,0,255,0,0,1,0,0,0,1,Item０１８.
19,Item019,0,255,0,0,1,0,0,0,1,Item０１９.
20,사금,1000,0,0,0,1,0,0,0,1,모래 형태의 순금.\n그럭저럭한 가격에 팔 수 있다.\n원령은 씌여지지 않았다.
21,진주,1000,0,0,0,1,0,0,0,1,백색의 보석.\n그럭저럭한 가격에 팔 수 있다.
22,Item022,0,255,0,0,1,0,0,0,1,Item０２２.
23,Item023,0,255,0,0,1,0,0,0,1,Item０２３.
24,버섯 분말,3000,0,0,0,1,0,0,0,1,무엇에 쓰이는지 알 수 없다.\n좋은 가격에 팔 수 있다.\n취급주의.
25,마도서,3000,0,0,0,1,0,0,0,1,뭐라고 써있는 지 알 수 없다.\n좋은 가격에 팔 수 있다.
26,휴대용 게임기,6000,0,0,0,1,0,0,0,1,폴더형 휴대식 게임기.
27,휴대용 게임기,6000,0,0,0,1,0,0,0,1,폴더형 휴대식 게임기.\n환상향에선 사용할 수 없을 것 같으니\n팔고 돌아가서 다시 사자.
28,은화,10000,0,0,0,1,0,0,0,1,화폐로서는 쓸 수 없다.\n고가에 팔 수 있다.
29,빈티지 와인,10000,0,0,0,1,0,0,0,1,아주 오래 숙성된 와인.\n고가에 팔 수 있다.
30,Item030,0,255,0,0,1,0,0,0,1,Item０３０.
31,Item031,0,255,0,0,1,0,0,0,1,Item０３１.
32,금화,20000,0,0,0,1,0,0,0,1,화폐로서는 쓸 수 없다.\n매우 비싸게 팔 수 있다.
33,마력의 결정,20000,0,0,0,1,0,0,0,1,마력이 긴 시간을 거쳐 결정화 한 물건.\n매우 비싸게 팔 수 있다.
34,Item034,0,255,0,0,1,0,0,0,1,Item０３４.
35,Item035,0,255,0,0,1,0,0,0,1,Item０３５.
36,Item036,0,255,0,0,1,0,0,0,1,Item０３６.
37,마력의 파편,400,0,0,0,1,0,0,0,1,결정화한 마력의 파편.\n뭔가에 쓰일 것 같으니까 챙겨두자.
39,Item038,0,255,0,0,1,0,0,0,1,Item０３８.
39,Item039,0,255,0,0,1,0,0,0,1,Item０３９.
40,Item040,0,255,0,0,1,0,0,0,1,Item０４０.
41,Item041,0,255,0,0,1,0,0,0,1,Item０４１.
42,전생용인 세트,0,0,0,0,1,0,0,0,1,Item０４２.
43,붉은 인,0,0,0,0,0,0,1,0,1,적색의 인장.\n전생할 때 사용하면 인형에게\n붉은 인이 붙는다.
44,파란 인,0,0,0,0,0,0,1,0,1,창색의 인장.\n전생할 때 사용하면 인형에게\n파란 인이 붙는다.
45,검은 인,0,0,0,0,0,0,1,0,1,흑색의 인장.\n전생할 때 사용하면 인형에게\n검은 인이 붙는다.
46,하얀 인,0,0,0,0,0,0,1,0,1,백색의 인장.\n전생할 때 사용하면 인형에게\n하얀 인이 붙는다.
47,녹색 인,0,0,0,0,0,0,1,0,1,벽색의 인장.\n전생할 때 사용하면 인형에게\n녹색 인이 붙는다.
48,Item048,0,255,0,0,1,0,0,0,1,Item０４８.
49,투명의 마석,0,0,0,0,0,0,2,0,1,신비한 마석.\n전생할 때 사용하면 전능력 개체 랭크가\n변화하지 않는다.
50,금의 마석,0,0,0,0,0,0,2,0,1,신비한 마석.\n전생할 때 사용하면 HP 개체 랭크가\n변화하지 않는다.
51,홍의 마석,0,0,0,0,0,0,2,0,1,신비한 마석.\n전생할 때 사용하면 집탄 개체 랭크가\n변화하지 않는다.
52,창의 마석,0,0,0,0,0,0,2,0,1,신비한 마석.\n전생할 때 사용하면 집방 개체 랭크가\n변화하지 않는다.
53,흑의 마석,0,0,0,0,0,0,2,0,1,신비한 마석.\n전생할 때 사용하면 산탄 개체 랭크가\n변화하지 않는다.
54,백의 마석,0,0,0,0,0,0,2,0,1,신비한 마석.\n전생할 때 사용하면 산방 개체 랭크가\n변화하지 않는다.
55,벽의 마석,0,0,0,0,0,0,2,0,1,신비한 마석.\n전생할 때 사용하면 준민 개체 랭크가\n변화하지 않는다.
56,무지개의 마석,0,0,0,0,0,0,2,0,1,신비한 마석.\n전생할 때 사용하면 계승 개체 랭크가\n늘어난다.
57,Item057,0,255,0,0,1,0,0,0,1,Item０５７.
58,Item058,0,255,0,0,1,0,0,0,1,Item０５８.
59,호접몽환,1000,0,0,0,1,0,0,0,1,일반적인 것으론 만족할 수 없는 당신을\n위한 악몽형.
60,Item060,0,255,0,0,1,0,0,0,1,Item０６０.
61,Item061,0,255,0,0,1,0,0,0,1,Item０６１.
62,Item062,0,255,0,0,1,0,0,0,1,Item０６２.
63,Item063,0,255,0,0,1,0,0,0,1,Item０６３.
64,Item064,0,255,0,0,1,0,0,0,1,Item０６４.
65,Item065,0,255,1,1,1,0,0,0,1,Item０６５.
66,Item066,0,255,1,1,1,0,0,0,1,Item０６６.
67,Item067,0,255,1,1,1,0,0,0,1,Item０６７.
68,Item068,0,255,1,1,1,0,0,0,1,Item０６８.
69,Item069,0,255,1,1,1,0,0,0,1,Item０６９.
70,Item070,0,255,1,1,1,0,0,0,1,Item０７０.
71,후지와라 전병,300,1,1,1,1,0,0,0,1,대나무 숯불로 구워진 딱딱한 전병.\nHP를 20 회복한다.
72,백옥 당고,500,1,1,1,1,0,0,0,1,백옥루 주인이 맛을 보장하는 당고.\nHP를 50 회복한다.
73,지령 만쥬,700,1,1,1,1,0,0,0,1,여행 선물용으로 인기가 많은 만쥬.\nHP를 100 회복한다.
74,안개의 물양갱,1200,1,1,1,1,0,0,0,1,단맛이 조금 덜한 물양갱.\nHP를 200 회복한다.
75,태양의 안미츠,2500,1,1,1,1,0,0,0,1,과일이 자뜩 들어간 안미츠.\nHP를 전부 회복한다.
76,유정천 세트,3000,1,1,1,1,0,0,0,1,하늘에서 맺은 복숭아를 가득 담은 것.\nHP를 전부 회복하고 상태 이상을\n회복한다.
77,모리야 신주,1500,1,1,1,1,0,0,0,1,모리야 신사에 공물로 바쳐진 신주.\n전투 불능을 회복하고 HP를 절반\n회복한다.
78,하쿠레이 신주 ,4000,1,1,1,1,0,0,0,1,하쿠레이 신사에 공물로 바쳐진 신주.\n전투 불능을 회복하고 HP를 전부\n회복한다.
79,명련차,600,1,1,1,1,0,0,0,1,명련사의 여승이 끓인 차.\n편안한 기분이 되고 상태 이상을\n회복한다.
80,Item080,0,255,1,1,1,0,0,0,1,Item０８０.
81,Item081,0,255,1,1,1,0,0,0,1,Item０８１.
82,Item082,0,255,1,1,1,0,0,0,1,Item０８２.
83,Item083,0,255,1,1,1,0,0,0,1,Item０８３.
84,준마이슈,1200,255,1,1,1,0,0,0,1,인형의 스킬 하나의 SP를 10 회복시킨다.\n적용불가.
85,혼죠조,2000,255,1,1,1,0,0,0,1,인형의 스킬 하나의 SP를 전부 회복시킨다.\n적용불가.
86,긴죠,3000,255,1,1,1,0,0,0,1,인형의 스킬 전부의 SP를 10 회복시킨다.\n적용불가.
87,다이긴죠,4500,255,1,1,1,0,0,0,1,인형의 스킬 전부의 SP를 전부 회복시킨다.\n적용불가.
88,Item088,0,255,1,1,1,0,0,0,1,Item０８８.
89,Item089,0,255,1,1,1,0,0,0,1,Item０８９.
90,Item090,0,255,1,1,1,0,0,0,1,Item０９０.
91,Item091,0,255,1,1,1,0,0,0,1,Item０９１.
92,칠색의 사탕,4800,1,0,1,1,0,0,0,1,칠색의 사탕.\n인형의 레벨을 1 올린다.
93,청류수의 모찌,10000,1,0,1,1,0,0,0,1,밝고 투명한 모찌다.\n인형에게 분배된 스텟 PP를 초기화시킨다.
94,Item094,0,255,1,1,1,0,0,0,1,Item０９４.
95,Item095,0,255,1,1,1,0,0,0,1,Item０９５.
96,Item096,0,255,1,1,1,0,0,0,1,Item０９６.
97,Item097,0,255,1,1,1,0,0,0,1,Item０９７.
98,Item098,0,255,1,1,1,0,0,0,1,Item０９８.
99,Item099,0,255,1,1,1,0,0,0,1,Item０９９.
100,Item100,0,255,1,1,1,0,0,0,1,Item１００.
101,Item101,0,255,1,1,1,0,0,0,1,Item１０１.
102,Item102,0,255,1,1,1,0,0,0,1,Item１０２.
103,Item103,0,255,1,1,1,0,0,0,1,Item１０３.
104,Item104,0,255,1,1,1,0,0,0,1,Item１０４.
105,Item105,0,255,1,1,1,0,0,0,1,Item１０５.
106,Item106,0,255,1,1,1,0,0,0,1,Item１０６.
107,Item107,0,255,1,1,1,0,0,0,1,Item１０７.
108,Item108,0,255,1,1,1,0,0,0,1,Item１０８.
109,Item109,0,255,1,1,1,0,0,0,1,Item１０９.
110,Item110,0,255,1,1,1,0,0,0,1,Item１１０.
111,Item111,0,255,1,1,1,0,0,0,1,Item１１１.
112,Item112,0,255,1,1,1,0,0,0,1,Item１１２.
113,Item113,0,255,1,1,1,0,0,0,1,Item１１３.
114,Item114,0,255,1,1,1,0,0,0,1,Item１１４.
115,Item115,0,255,1,1,1,0,0,0,1,Item１１５.
116,Item116,0,255,1,1,1,0,0,0,1,Item１１６.
117,Item117,0,255,1,1,1,0,0,0,1,Item１１７.
118,Item118,0,255,1,1,1,0,0,0,1,Item１１８.
119,Item119,0,255,1,1,1,0,0,0,1,Item１１９.
120,Item120,0,255,1,1,1,0,0,0,1,Item１２０.
121,Item121,0,255,1,1,1,0,0,0,1,Item１２１.
122,Item122,0,255,1,1,1,0,0,0,1,Item１２２.
123,Item123,0,255,1,1,1,0,0,0,1,Item１２３.
124,Item124,0,255,1,1,1,0,0,0,1,Item１２４.
125,Item125,0,255,1,1,1,0,0,0,1,Item１２５.
126,Item126,0,255,1,1,1,0,0,0,1,Item１２６.
127,Item127,0,255,1,1,1,0,0,0,1,Item１２７.
128,Item128,0,255,1,1,1,0,0,0,1,Item１２８.
129,Item129,0,255,0,0,1,1,0,0,1,Item１２９.
130,Item130,0,255,0,0,1,1,0,0,1,Item１３０.
131,Item131,20,255,0,0,1,1,0,0,1,장비하면 무속성 스킬의 위력을 약화시킨다.\n적용불가.
132,내염의 부,15000,2,0,0,1,1,0,0,1,장비하면 불속성 스킬로 결계가 관통되었을 때 위력을 약화시킨다.
133,내수의 부,15000,2,0,0,1,1,0,0,1,장비하면 물속성 스킬로 결계가 관통되었을 때 위력을 약화시킨다.
134,내연의 부,15000,2,0,0,1,1,0,0,1,장비하면 자연속성 스킬로 결계가 관통되었을 때 위력을 약화시킨다.
135,내지의 부,15000,2,0,0,1,1,0,0,1,장비하면 땅속성 스킬로 결계가 관통되었을 때 위력을 약화시킨다.
136,내강의 부,15000,2,0,0,1,1,0,0,1,장비하면 강철속성 스킬로 결계가 관통되었을 때 위력을 약화시킨다.
137,내풍의 부,15000,2,0,0,1,1,0,0,1,장비하면 바람속성 스킬로 결계가 관통되었을 때 위력을 약화시킨다.
138,내뢰의 부,15000,2,0,0,1,1,0,0,1,장비하면 번개속성 스킬로 결계가 관통되었을 때 위력을 약화시킨다.
139,내광의 부,15000,2,0,0,1,1,0,0,1,장비하면 빛속성 스킬로 결계가 관통되었을 때 위력을 약화시킨다.
140,내암의 부,15000,2,0,0,1,1,0,0,1,장비하면 어둠속성 스킬로 결계가 관통되었을 때 위력을 약화시킨다.
141,내명의 부,15000,2,0,0,1,1,0,0,1,장비하면 유령속성 스킬로 결계가 관통되었을 때 위력을 약화시킨다.
142,내독의 부,15000,2,0,0,1,1,0,0,1,장비하면 독속성 스킬로 결계가 관통되었을 때 위력을 약화시킨다.
143,내투의 부,15000,2,0,0,1,1,0,0,1,장비하면 격투속성 스킬로 결계가 관통되었을 때 위력을 약화시킨다.
144,내환의 부,15000,2,0,0,1,1,0,0,1,장비하면 환상속성 스킬로 결계가 관통되었을 때 위력을 약화시킨다.
145,내음의 부,15000,2,0,0,1,1,0,0,1,장비하면 소리속성 스킬로 결계가 관통되었을 때 위력을 약화시킨다.
146,내왜의 부,15000,2,0,0,1,1,0,0,1,장비하면 왜곡특성 스킬로 결계가 관통되었을 때 위력을 약화시킨다.
147,Item147,0,255,0,0,1,1,0,0,1,Item１４７.
148,어린의 부,50000,2,0,0,1,1,0,0,1,장비하면 위험할 때 집탄이 올라간다.
149,형액의 부,50000,2,0,0,1,1,0,0,1,장비하면 위험할 때 집방이 올라간다.
150,학익의 부,50000,2,0,0,1,1,0,0,1,장비하면 위험할 때 산탄이 올라간다.
151,방원의 부,50000,2,0,0,1,1,0,0,1,장비하면 위험할 때 산방이 올라간다.
152,산병의 부,50000,2,0,0,1,1,0,0,1,장비하면 위험할 때 준민이 올라간다.
153,언월의 부,50000,2,0,0,1,1,0,0,1,장비하면 위험할 때 통렬한 일격이\n나오기 쉬워진다.
154,방진의 부,50000,2,0,0,1,1,0,0,1,장비하면 위험할 때 능력 한 개가\n크게 올라간다.
155,봉시의 부,50000,2,0,0,1,1,0,0,1,장비하면 위험할 때 명중이 올라간다.
156,안행의 부,50000,2,0,0,1,1,0,0,1,장비하면 위험할 때 회피가 올라간다.
157,Item157,0,255,0,0,1,1,0,0,1,Item１５７.
158,Item158,0,255,0,0,1,1,0,0,1,Item１５８.
159,Item159,0,255,0,0,1,1,0,0,1,Item１５９.
160,신속의 부,15000,255,0,0,1,1,0,0,1,장비하면 위험할 때상대방보다 먼저\n행동할 수 있다. 착용불가.
161,생명의 부,50000,2,0,0,1,1,0,0,1,장비하면 위험할 때 HP를 조금 회복한다.
162,Item162,0,255,0,0,1,1,0,0,1,Item１６２.
163,Item163,0,255,0,0,1,1,0,0,1,Item１６３.
164,Item164,0,255,0,0,1,1,0,0,1,Item１６４.
165,치료의 부,50000,2,0,0,1,1,0,0,1,장비하면 상태 이상을 회복한다.
166,안마의 부,20000,2,0,0,1,1,0,0,1,장비하면 마비를 회복한다.
167,각성의 부,20000,2,0,0,1,1,0,0,1,장비하면 정지를 회복한다.
168,해독의 부,20000,2,0,0,1,1,0,0,1,장비하면 독·맹독을 회복한다.
169,팔상의 부,20000,2,0,0,1,1,0,0,1,장비하면 화상·대화상을 회복한다.
170,광명의 부,20000,2,0,0,1,1,0,0,1,장비하면 암흑을 회복한다.
171,안도의 부,20000,2,0,0,1,1,0,0,1,장비하면 공포를 회복한다.
172,기부의 부,20000,2,0,0,1,1,0,0,1,장비하면 쇠약을 회복한다.
173,수습의 부,20000,2,0,0,1,1,0,0,1,장비하면 혼란을 회복한다.
174,Item174,0,255,0,0,1,1,0,0,1,Item１７４.
175,Item175,0,255,0,0,1,1,0,0,1,Item１７５.
176,Item176,0,255,0,0,1,1,0,0,1,Item１７６.
177,해주의 부,50000,2,0,0,1,1,0,0,1,장비하면 자유롭게 스킬을 쓸 수\n없게 되었을 때 한 번만 회복한다.
178,Item178,0,255,0,0,1,1,0,0,1,Item１７８.
179,Item179,0,255,0,0,1,1,0,0,1,Item１７９.
180,치유의 부,1500,2,0,0,1,1,0,0,1,장비하면 HP를 20 회복한다.
181,재시의 부,20,255,0,0,1,1,0,0,1,장비하면 SP가 바닥났을 때 10 회복한다. 적용불가,
182,Item182,0,255,0,0,1,1,0,0,1,Item１８２.
183,Item183,0,255,0,0,1,1,0,0,1,Item１８３.
184,자의 부,50000,2,0,0,1,1,0,0,1,장비하면 공격 스킬을 받았을 때\n상대방에게 대미지를 준다.
185,반사의 부,20,255,0,0,1,1,0,0,1,장비하면 확산 스킬을 받았을 때\n상대방에게 대미지를 준다. 적용불가,
186,Item186,0,255,0,0,1,1,0,0,1,Item１８６.
187,Item187,0,255,0,0,1,1,0,0,1,Item１８７.
188,Item188,0,255,0,0,1,1,0,0,1,Item１８８.
189,계의 부,100000,2,0,0,1,1,0,0,1,장비하면 능력이 내려갔을 때\n한 번만 원 상태로 되돌린다.
190,속공의 부,100000,2,0,0,1,1,0,0,1,장비하면 대가가 필요한 스킬을\n한 턴에 쓰는 것이 가능하다.
191,Item191,0,255,0,0,1,1,0,0,1,Item１９１.
192,Item192,0,255,0,0,1,1,0,0,1,Item１９２.
193,Item193,0,255,0,0,1,1,0,0,1,Item１９３.
194,퇴장권고,250000,2,0,0,1,1,0,0,1,장비하면 공격을 받았을 때\n상대방을 강제적으로 교체한다.
195,퇴각의 심득서,250000,2,0,0,1,1,0,0,1,장비하면 공격을 받았을 때\n보유하고 있는 인형과 교체된다.
196,Item196,0,255,0,0,1,1,0,0,1,Item１９６.
197,Item197,0,255,0,0,1,1,0,0,1,Item１９７.
198,검은 초커,250000,2,0,0,1,1,0,0,1,장비하면 HP가 최대일 때 전투 불능이 되는 대미지를 받아도 HP가 1이 되어 버틴다. 
199,Item199,0,255,0,0,1,1,0,0,1,Item１９９.
200,Item200,0,255,0,0,1,1,0,0,1,Item２００.
201,다이아몬드,25000,2,0,0,1,1,0,0,1,투명한 보석.\n장비하면 한 번만 무속성 스킬의\n위력이 올라간다.
202,루비,25000,2,0,0,1,1,0,0,1,적색의 보석.\n장비하면 한 번만 불속성 스킬의\n위력이 올라간다.
203,사파이어,25000,2,0,0,1,1,0,0,1,수색의 보석.\n장비하면 한 번만 물속성 스킬의\n위력이 올라간다.
204,에메랄드,25000,2,0,0,1,1,0,0,1,심녹색의 보석.\n장비하면 한 번만 자연속성 스킬의\n위력이 올라간다.
205,타이거아이,25000,2,0,0,1,1,0,0,1,차색의 보석.\n장비하면 한 번만 땅속성 스킬의\n위력이 올라간다.
206,헤머타이트,25000,2,0,0,1,1,0,0,1,회색의 보석.\n장비하면 한 번만 강철속성 스킬의\n위력이 올라간다.
207,비취,25000,2,0,0,1,1,0,0,1,비취색의 보석.\n장비하면 한 번만 바람속성 스킬의\n위력이 올라간다.
208,토파즈,25000,2,0,0,1,1,0,0,1,노란색의 보석.\n장비하면 한 번만 번개속성 스킬의\n위력이 올라간다.
209,오팔,25000,2,0,0,1,1,0,0,1,무지개색의 보석.\n장비하면 한 번만 빛속성 스킬의\n위력이 올라간다.
210,옵시디언,25000,2,0,0,1,1,0,0,1,흑색의 보석.\n장비하면 한 번만 어둠속성 스킬의\n위력이 올라간다.
211,수기라이트,25000,2,0,0,1,1,0,0,1,자흑색의 보석.\n장비하면 한 번만 유령속성 스킬의\n위력이 올라간다.
212,자수정,25000,2,0,0,1,1,0,0,1,자색의 보석.\n장비하면 한 번만 독속성 스킬의\n위력이 올라간다.
213,앰버,25000,2,0,0,1,1,0,0,1,오렌지색의 보석.\n장비하면 한 번만 격투속성 스킬의\n위력이 올라간다.
214,모거나이트,25000,2,0,0,1,1,0,0,1,모란색의 보석.\n장비하면 한 번만 환상속성 스킬의\n위력이 올라간다.
215,오닉스,25000,2,0,0,1,1,0,0,1,줄무늬 모양의 보석.\n장비하면 한 번만 소리속성 스킬의\n위력이 올라간다.
216,라피스라줄리,25000,2,0,0,1,1,0,0,1,남색의 보석.\n장비하면 한 번만 왜곡속성 스킬의\n위력이 올라간다.
217,Item217,0,255,0,0,1,1,0,0,1,Item２１７.
218,Item218,0,255,0,0,1,1,0,0,1,Item２１８.
219,부유석,120000,2,0,0,1,1,0,0,1,장비하면 대지속성 스킬을 무효화하지만 대지속성 이외의 스킬을 받으면 없어진다.
220,반골의 심득서,250000,2,0,0,1,1,0,0,1,장비하면 결계가 관통되었을 때\n집탄과 산탄이 크게 올라간다.
221,저주의 경전,0,255,0,0,1,1,0,0,1,장비하면 턴이 끝나고 어빌리티를 잃어버린다. 적용불가,
222,청동 거울,120000,2,0,0,1,1,0,0,1,청동으로 만든 거울.\n장비하면 상대방의 능력이 올라갔을 때 자신의 능력도 오른다.
223,Item223,0,255,0,0,1,1,0,0,1,Item２２３.
224,금의 부,250000,2,0,0,1,1,0,0,1,장비하면 집중 스킬을 받았을 때\n집방이 오른다.
225,은의 부,250000,2,0,0,1,1,0,0,1,장비하면 확산 스킬을 받았을 때\n산방이 오른다.
226,Item226,0,255,0,0,1,1,0,0,1,Item２２６.
227,Item227,0,255,0,0,1,1,0,0,1,Item２２７.
228,Item228,0,255,0,0,1,1,0,0,1,Item２２８.
229,Item229,0,255,0,0,1,1,0,0,1,Item２２９.
230,Item230,0,255,0,0,1,1,0,0,1,Item２３０.
231,Item231,0,255,0,0,1,1,0,0,1,Item２３１.
232,Item232,0,255,0,0,1,1,0,0,1,Item２３２.
233,Item233,0,255,0,0,1,1,0,0,1,Item２３３.
234,Item234,0,255,0,0,1,1,0,0,1,Item２３４.
235,Item235,0,255,0,0,1,1,0,0,1,Item２３５.
236,Item236,0,255,0,0,1,1,0,0,1,Item２３６.
237,Item237,0,255,0,0,1,1,0,0,1,Item２３７.
238,Item238,0,255,0,0,1,1,0,0,1,Item２３８.
239,Item239,0,255,0,0,1,1,0,0,1,Item２３９.
240,Item240,0,255,0,0,1,1,0,0,1,Item２４０.
241,Item241,0,255,0,0,1,1,0,0,1,Item２４１.
242,Item242,0,255,0,0,1,1,0,0,1,Item２４２.
243,Item243,0,255,0,0,1,1,0,0,1,Item２４３.
244,Item244,0,255,0,0,1,1,0,0,1,Item２４４.
245,Item245,0,255,0,0,1,1,0,0,1,Item２４５.
246,Item246,0,255,0,0,1,1,0,0,1,Item２４６.
247,Item247,0,255,0,0,1,1,0,0,1,Item２４７.
248,Item248,0,255,0,0,1,1,0,0,1,Item２４８.
249,Item249,0,255,0,0,1,1,0,0,1,Item２４９.
250,Item250,0,255,0,0,1,1,0,0,1,Item２５０.
251,Item251,0,255,0,0,1,1,0,0,1,Item２５１.
252,Item252,0,255,0,0,1,1,0,0,1,Item２５２.
253,Item253,0,255,0,0,1,1,0,0,1,Item２５３.
254,Item254,0,255,0,0,1,1,0,0,1,Item２５４.
255,Item255,0,255,0,0,1,1,0,0,1,Item２５５.
256,Item256,0,255,0,0,1,1,0,0,1,Item２５６.
257,Item257,0,255,0,0,1,1,0,0,1,Item２５７.
258,Item258,0,255,0,0,1,1,0,0,1,Item２５８.
259,Item259,0,255,0,0,1,1,0,0,1,Item２５９.
260,Item260,0,255,0,0,1,1,0,0,1,Item２６０.
261,빨간 반지,1000,3,0,0,1,1,0,0,1,적색의 반지.\n장비하면 집중 스킬의 위력이 올라간다.
262,파란 피어스,1000,3,0,0,1,1,0,0,1,청색의 귀걸이.\n장비하면 확산 스킬의 위력이 올라간다.
263,필살 비법서,120000,3,0,0,1,1,0,0,1,싸움의 마음가짐이 적힌 서적.\n장비하면 결계를 관통할 때 주는 대미지가 늘어난다.
264,짚 인형,120000,3,0,0,1,1,0,0,1,주술에 쓰는 짚 인형.\n장비하면 스킬의 위력이 올라가지만 공격할 때 자신도 대미지를 받는다.
265,고집의 반지,250000,3,0,0,1,1,0,0,1,장비하면 집중 스킬의 위력이 올라가지만 같은 스킬밖에 쓸 수 없게 된다.
266,고집의 피어스,250000,3,0,0,1,1,0,0,1,장비하면 확산 스킬의 위력이 올라가지만 같은 스킬밖에 쓸 수 없게 된다.
267,고집의 벨트,250000,3,0,0,1,1,0,0,1,장비하면 준민이 올라가지만 같은 스킬밖에 쓸 수 없게 된다.
268,연격 비법서,12000,3,0,0,1,1,0,0,1,싸움의 마음가짐이 적힌 서적.\n장비하면 같은 스킬을 쓸 때마다 주는 대미지가 늘어난다.
269,철 나막신,1000,3,0,0,1,1,0,0,1,철제의 무거운 나막신.\n장비하면 준민이 내려간다.
270,로자리오,40000,3,0,0,1,1,0,0,1,기도에 쓰는 십자가 모양의 도구.\n장비하면 상대방의 스킬이 명중되기 어려워진다.
271,쌍안경,40000,3,0,0,1,1,0,0,1,장비하면 스킬의 명중률이 올라간다.
272,망원경,40000,3,0,0,1,1,0,0,1,장비하면 상대방보다 나중에 행동할 때 스킬의 명중률이 올라간다.
273,탤리즈먼,40000,3,0,0,1,1,0,0,1,원반 모양의 부적.\n장비하면 상대방에게 대미지를 주었을 때 HP를 회복한다. 적용불가.
274,붕대,40000,3,0,0,1,1,0,0,1,치료에 쓰는 붕대.\n장비하면 흡수 스킬에 의한 회복량을 늘린다.
275,매직 링,40000,3,0,0,1,1,0,0,1,신비한 반지.\n장비하면 통렬한 일격이 쉽게 나온다.
276,검은 링,40000,3,0,0,1,1,0,0,1,새까만 반지.\n장비하면 전투 불능이 되는 대미지를 받아도 HP 1로 버티는 일이 있다.
277,단단한 줄,0,255,0,0,1,1,0,0,1,장비하면 조이는 스킬의 지속 턴 수가 고정된다. 적용불가.
278,튼튼한 줄,40000,3,0,0,1,1,0,0,1,장비하면 조이기 스킬의 위력을 올린다.
279,패자의 증거,40000,3,0,0,1,1,0,0,1,위엄이 있는 뱃지.\n장비하면 스킬이 명중할 때 상대방을 풀죽게 하는 것이 가능하다.
280,털달린 모자,0,255,0,0,1,1,0,0,1,털이 장식된 모자.\n장비하면 상대방보다 먼저 행동하는 일이 있다. 적용불가.
281,무거운 갑주,1500,3,0,0,1,1,0,0,1,장비하면 상대방보다 나중에 행동한다.
282,병량환,120000,3,0,0,1,1,0,0,1,편리한 휴대식량.\n장비하면 인형의 HP가 전투동안 조금씩 회복한다.
283,독 항아리,25000,3,0,0,1,1,0,0,1,장비하면 독속성의 인형은 턴마다 HP가 조금씩 회복한다. 독속성 이외의 인형이 장비하면 대미지를 받는다.
284,조두의 뿌리,25000,3,0,0,1,1,0,0,1,맹독이 있는 뿌리.\n장비하면 인형을 맹독 상태로 만든다.
285,태워진 돌,25000,3,0,0,1,1,0,0,1,불에 태운 돌.\n장비하면 인형을 화상 상태로 만든다.
286,대역 목패,5000,3,0,0,1,1,0,0,1,사람 형의 목패.\n장비하면 교환할 수 없게 되었을 때 그 효과를 무효화한다.
287,금 비녀,250000,3,0,0,1,1,0,0,1,금색의 비녀.\n장비하면 집방이 올라가지만 변화 스킬을 쓸 수 없게 된다.
288,은 비녀,250000,3,0,0,1,1,0,0,1,은색의 비녀.\n장비하면 산방이 올라가지만 변화 스킬을 쓸 수 없게 된다.
289,방호 마스크,0,255,0,0,1,1,0,0,1,기밀성이 높은 마스크.\n장비하면 기후와 분계 스킬의 영향을 받지 않게 된다. 적용불가,
290,소형 비트,10000,3,0,0,1,1,0,0,1,장비하면 위력이 낮은 스킬을 받았을 때 상대방에게도 대미지를 준다.
291,저주받은 인형,3000,3,0,0,1,1,0,0,1,가지고 있으면 속성 상성에서 무효인 상대의 스킬이 맞게 된다.
292,형석,120000,3,0,0,1,1,0,0,1,장비하면 필드 프로텍트·배리어의 지속 턴 수가 늘어난다.
293,큰 방패,5000,3,0,0,1,1,0,0,1,대형 방패.\n장비하면 결계에 막혔을 때 대미지를 줄\n여주지만 관통되면 큰 대미지를 받는다.
294,용신의 부적,5000,3,0,0,1,1,0,0,1,장비하면 통렬한 일격을 받지\n않는다.
295,Item295,0,255,0,0,1,1,0,0,1,Item２９５.
296,Item296,0,255,0,0,1,1,0,0,1,Item２９６.
297,Item297,0,255,0,0,1,1,0,0,1,Item２９７.
298,Item298,0,255,0,0,1,1,0,0,1,Item２９８.
299,Item299,0,255,0,0,1,1,0,0,1,Item２９９.
300,Item300,0,255,0,0,1,1,0,0,1,Item３００.
301,Item301,0,255,0,0,1,1,0,0,1,Item３０１.
302,Item302,0,255,0,0,1,1,0,0,1,Item３０２.
303,전능의 영석,250000,3,0,0,1,1,0,0,1,장비하면 모든 기후의 시간이\n평소보다 길게 된다.
304,정적의 영석,100000,3,0,0,1,1,0,0,1,장비하면 나기의 시간이\n평소보다 길게 된다.
305,후광의 영석,100000,3,0,0,1,1,0,0,1,장비하면 극광의 시간이\n평소보다 길게 된다.
306,소암의 영석,100000,3,0,0,1,1,0,0,1,장비하면 농무의 시간이\n평소보다 길게 된다.
307,사진의 영석,100000,3,0,0,1,1,0,0,1,장비하면 황사의 시간이\n평소보다 길게 된다.
308,천운의 영석,100000,3,0,0,1,1,0,0,1,장비하면 여우비의 시간이\n평소보다 길게 된다.
309,Item309,0,255,0,0,1,1,0,0,1,Item３０９.
310,Item310,0,255,0,0,1,1,0,0,1,Item３１０.
311,Item311,0,255,0,0,1,1,0,0,1,Item３１１.
312,Item312,0,255,0,0,1,1,0,0,1,Item３１２.
313,Item313,0,255,0,0,1,1,0,0,1,Item３１３.
314,Item314,0,255,0,0,1,1,0,0,1,Item３１４.
315,하얀색 머리 장식,1000,3,0,0,1,1,0,0,1,순백의 머리 장식.\n장비하면 무속성 스킬의 위력이\n올라간다.
316,진홍색 머리 장식,1000,3,0,0,1,1,0,0,1,불타는 것 같은 적색의 머리 장식.\n장비하면 불속성 스킬의 위력이\n올라간다.
317,보라색 머리 장식,1000,3,0,0,1,1,0,0,1,선명한 청색의 머리 장식.\n장비하면 물속성 스킬의 위력이\n올라간다.
318,초록색 머리 장식,1000,3,0,0,1,1,0,0,1,풀 같은 녹색의 머리 장식.\n장비하면 자연속성 스킬의 위력이\n올라간다.
319,황토색 머리 장식,1000,3,0,0,1,1,0,0,1,흙색을 한 머리 장식.\n장비하면 땅속성 스킬의 위력이\n올라간다.
320,강철색 머리 장식,1000,3,0,0,1,1,0,0,1,칙칙한 회색의 머리 장식.\n장비하면 강철속성 스킬의 위력이\n올라간다.
321,비취색 머리 장식,1000,3,0,0,1,1,0,0,1,투명한 비취색의 머리 장식.\n장비하면 바람속성 스킬의 위력이\n올라간다.
322,노란색 머리 장식,1000,3,0,0,1,1,0,0,1,맑은 노란색의 머리 장식.\n장비하면 전기속성 스킬의 위력이\n올라간다.
323,무지개색 머리 장식,1000,3,0,0,1,1,0,0,1,선명한 무지개색으로 빛나는 머리 장식.\n장비하면 빛속성 스킬의 위력이\n올라간다.
324,검은색 머리 장식,1000,3,0,0,1,1,0,0,1,검은색 하나로 빛나는 머리 장식.\n장비하면 어둠속성 스킬의 위력이\n올라간다.
325,검보라색 머리 장식,1000,3,0,0,1,1,0,0,1,보라색이 섞인 흑색의 머리 장식.\n장비하면 유령속성 스킬의 위력이\n올라간다.
326,청자색 머리 장식,1000,3,0,0,1,1,0,0,1,청색을 띤 어두운 보라색의 머리 장식.\n장비하면 독속성 스킬의 위력이\n올라간다.
327,호박색 머리 장식,1000,3,0,0,1,1,0,0,1,투명감이 있는 호박색의 머리 장식.\n장비하면 격투속성 스킬의 위력이\n올라간다.
328,모란색 머리 장식,1000,3,0,0,1,1,0,0,1,화사한 모란색의 머리 장식.\n장비하면 환상속성 스킬의 위력이\n올라간다.
329,줄무늬 머리 장식,1000,3,0,0,1,1,0,0,1,흑백의 줄무늬의 머리 장식.\n장비하면 소리속성 스킬의 위력이\n올라간다.
330,비색 머리 장식,1000,3,0,0,1,1,0,0,1,진한 푸른색의 머리 장식.\n장비하면 왜곡속성 스킬의 위력이\n올라간다.
331,Item331,0,255,0,0,1,1,0,0,1,Item３３１.
332,Item332,0,255,0,0,1,1,0,0,1,Item３３２.
333,눈 속임 구슬,0,3,0,0,0,1,0,0,1,장비하면 야생 인형과의 전투에서\n반드시 도망칠 수 있다.
334,목도,0,3,0,0,0,1,0,0,1,단련용 목도.\n장비하면 전투에서 얻을 수 있는\nPP의 양이 늘어난다.
335,전투의 교범,0,3,0,0,0,1,0,0,1,싸움의 안내서.\n장비하면 전투에서 얻을 수 있는\n경험치가 늘어난다.
336,Item336,0,255,0,0,1,1,0,0,1,Item３３６.
337,레이라의 부적,0,3,0,0,0,1,0,0,1,네 자매의 사진 아래에 있었던 부적.\n선두의 인형이 장비하면 야생의 인형이 다가올 확률이 내려간다.
338,토착신의 가호,0,3,0,0,0,1,0,0,1,스와코에게서 받은 부적.\n장비하면 전투에서 얻을 수 있는\n경험치와 PP가 배로 된다.
339,몽현의 경계,2,3,0,0,1,1,0,0,0,무지개색과 파란색으로 빛나는 보석.\n특별한 인형이 장비하면 능력치가 크게 상승한다.
340,고대의 동전,0,3,0,0,0,1,0,0,1,한 개라면 컨티뉴 할 수 없다.\n장비하면 인형을 포획할 확률이\n상승한다.
341,요마 두루마리-적-,5000,3,0,0,1,1,0,0,0,붉은 색으로 장식된 갖가지 요괴가 그려진 두루마리.\n장식품 파괴의 효과를 받지 않는다.
342,요마 두루마리-청-,5000,3,0,0,1,1,0,0,0,푸른 색으로 장식된 갖가지 요괴가 그려진 두루마리.\n장식품 파괴의 효과를 받지 않는다.
343,요마 두루마리-흑-,5000,3,0,0,1,1,0,0,0,검은 색으로 장식된 갖가지 요괴가 그려진 두루마리.\n장식품 파괴의 효과를 받지 않는다.
344,요마 두루마리-백-,5000,3,0,0,1,1,0,0,0,하얀 색으로 장식된 갖가지 요괴가 그려진 두루마리.\n장식품 파괴의 효과를 받지 않는다.
345,Item345,250000,3,0,0,1,1,0,0,0,Item３４５。
346,Item346,0,255,0,0,1,1,0,0,1,Item３４６.
347,Item347,0,255,0,0,1,1,0,0,1,Item３４７.
348,요격 조각,250000,3,0,0,1,1,0,0,1,장비하면 BU스킬을 받았을 때 상대에게도 대미지를 준다.
349,반사 조각,250000,3,0,0,1,1,0,0,1,장비하면 EN스킬을 받았을 때 상대에게도 대미지를 준다.
350,희망의 가면,100,3,0,0,1,1,0,0,0,희망찬 얼굴을 한 가면.\n장비하면 풀죽지 않는다.\n장식품 파괴의 효과를 받지 않는다.
351,철심의 리본,10000,3,0,0,1,1,0,0,1,습득하고 있는 스킬 수가 3개 이하인 경우 받는 대미지를 경감한다.
352,전망 안경,10000,3,0,0,1,1,0,0,1,장비하면 상대 인형의 장식품을 알 수 있게 된다.
353,투창 비법서,10000,3,0,0,1,1,0,0,1,싸움의 마음가짐이 적힌 서적.\n장비하면 투창 공격의 대미지가 늘어난다.
354,꿈의 파편,0,3,0,0,0,1,0,0,0,색이 변화하는 신기한 보석.\n특별한 인형에게 지니게 하면 능력치가 상승한다.
355,방울 머리 장식,0,3,0,0,0,1,0,0,1,작은 방울이 달린 머리 장식.\n선두의 인형이 장비하면 야생 인형과 만날 확률이 늘어난다.
356,달의 고주,0,3,0,0,0,1,0,0,1,천년 묵은 술.\n선두의 인형이 장비하면 야생 인형과 만날 확률이 줄어든다.
357,하쿠레이의 부적,2,3,0,0,1,1,0,0,1,하쿠레이의 힘이 깃든 고마운 부적.\n장비하면 전투에서 얻을 수 있는 경험치와 PP가 배로 된다.
358,포박줄,20000,3,0,0,1,1,0,0,1,제멋대로 꿈틀거리는 저주받은 줄.\n장비하면 상대의 교체 기술을 무효화\n한다. 특정 어빌리티에는 효과가 없다.
359,Item359,0,255,0,0,1,1,0,0,1,Item３５９.
360,Item360,0,255,0,0,1,1,0,0,1,Item３６０.
361,Item361,0,255,0,0,1,1,0,0,1,Item３６１.
362,Item362,0,255,0,0,1,1,0,0,1,Item３６２.
363,Item363,0,255,0,0,1,1,0,0,1,Item３６３.
364,Item364,0,255,0,0,1,1,0,0,1,Item３６４.
365,Item365,0,255,0,0,1,1,0,0,1,Item３６５.
366,Item366,0,255,0,0,1,1,0,0,1,Item３６６.
367,Item367,0,255,0,0,1,1,0,0,1,Item３６７.
368,Item368,0,255,0,0,1,1,0,0,1,Item３６８.
369,Item369,0,255,0,0,1,1,0,0,1,Item３６９.
370,Item370,0,255,0,0,1,1,0,0,1,Item３７０.
371,Item371,0,255,0,0,1,1,0,0,1,Item３７１.
372,Item372,0,255,0,0,1,1,0,0,1,Item３７２.
373,Item373,0,255,0,0,1,1,0,0,1,Item３７３.
374,Item374,0,255,0,0,1,1,0,0,1,Item３７４.
375,Item375,0,255,0,0,1,1,0,0,1,Item３７５.
376,Item376,0,255,0,0,1,1,0,0,1,Item３７６.
377,Item377,0,255,0,0,1,1,0,0,1,Item３７７.
378,Item378,0,255,0,0,1,1,0,0,1,Item３７８.
379,Item379,0,255,0,0,1,1,0,0,1,Item３７９.
380,Item380,0,255,0,0,1,1,0,0,1,Item３８０.
381,Item381,0,255,0,0,1,1,0,0,1,Item３８１.
382,Item382,0,255,0,0,1,1,0,0,1,Item３８２.
383,Item383,0,255,0,0,1,1,0,0,1,Item３８３.
384,Item384,0,255,0,0,1,1,0,0,1,Item３８４.
385,스킬 카드1,25000,4,0,1,0,0,0,106,1,파이어 재블린
386,스킬 카드2,25000,4,0,1,0,0,0,155,1,아쿠아 재블린
387,스킬 카드3,25000,4,0,1,0,0,0,206,1,그래스 재블린
388,스킬 카드4,25000,4,0,1,0,0,0,353,1,윈드 재블린
389,스킬 카드5,25000,4,0,1,0,0,0,403,1,스파크 재블린
390,스킬 카드6,25000,4,0,1,0,0,0,454,1,라이트 재블린
391,스킬 카드7,25000,4,0,1,0,0,0,603,1,섀도우 재블린
392,스킬 카드8,0,4,0,1,0,0,0,20,1,오버 스킬
393,스킬 카드9,0,4,0,1,0,0,0,22,1,광란정유리
394,스킬 카드10,0,4,0,1,0,0,0,24,1,역경의 한 수
395,스킬 카드11,0,4,0,1,0,0,0,107,1,라이징 선
396,스킬 카드12,0,4,0,1,0,0,0,104,1,번 스트라이크
397,스킬 카드13,0,4,0,1,0,0,0,152,1,폭포 떨구기
398,스킬 카드14,0,4,0,1,0,0,0,204,1,기아의 목소리
399,스킬 카드15,0,4,0,1,0,0,0,201,1,텀블 플랜트
400,스킬 카드16,0,4,0,1,0,0,0,253,1,슈팅 프레스
401,스킬 카드17,0,4,0,1,0,0,0,254,1,그랜드 리베레이트
402,스킬 카드18,0,4,0,1,0,0,0,257,1,스톤 스파이크
403,스킬 카드19,0,4,0,1,0,0,0,303,1,임팩트 리벨리온
404,스킬 카드20,0,4,0,1,0,0,0,301,1,안개제거
405,스킬 카드21,0,4,0,1,0,0,0,351,1,환상향직격태풍
406,스킬 카드22,0,4,0,1,0,0,0,354,1,쇼크 스탬프
407,스킬 카드23,0,4,0,1,0,0,0,355,1,도난의 바람
408,스킬 카드24,0,4,0,1,0,0,0,404,1,플라즈마 볼
409,스킬 카드25,0,4,0,1,0,0,0,455,1,천광의 춤
410,스킬 카드26,0,4,0,1,0,0,0,452,1,파사의 활 공격
411,스킬 카드27,0,4,0,1,0,0,0,504,1,체인질링
412,스킬 카드28,0,4,0,1,0,0,0,507,1,다크 애로우
413,스킬 카드29,0,4,0,1,0,0,0,506,1,로스트 크라이시스
414,스킬 카드30,0,4,0,1,0,0,0,605,1,삼혼칠백의 이산
415,스킬 카드31,0,4,0,1,0,0,0,553,1,독화살
416,스킬 카드32,0,4,0,1,0,0,0,655,1,진공파쇄권
417,스킬 카드33,0,4,0,1,0,0,0,656,1,메테오 임팩트
418,스킬 카드34,0,4,0,1,0,0,0,664,1,브레이크 샷
419,스킬 카드35,0,4,0,1,0,0,0,666,1,차징 스턴
420,스킬 카드36,0,4,0,1,0,0,0,706,1,나락의 꽃
421,스킬 카드37,0,4,0,1,0,0,0,707,1,세인트 엘모의 불
422,스킬 카드38,0,4,0,1,0,0,0,751,1,폭음 풀 버스트
423,스킬 카드39,0,4,0,1,0,0,0,34,1,트라이 이펙트
424,스킬 카드40,0,4,0,1,0,0,0,37,1,천신의 가호
425,스킬 카드41,0,4,0,1,0,0,0,38,1,사신의 가호
426,스킬 카드42,0,4,0,1,0,0,0,116,1,플래쉬 오버
427,스킬 카드43,35000,4,0,1,0,0,0,111,1,인페르노
428,스킬 카드44,35000,4,0,1,0,0,0,162,1,콜드 레인
429,스킬 카드45,0,4,0,1,0,0,0,165,1,레이지 미스트
430,스킬 카드46,0,4,0,1,0,0,0,212,1,채광백화
431,스킬 카드47,0,4,0,1,0,0,0,213,1,미스트 포그
432,스킬 카드48,0,4,0,1,0,0,0,264,1,쥬얼리 스톰
433,스킬 카드49,0,4,0,1,0,0,0,313,1,크롬 레이
434,스킬 카드50,0,4,0,1,0,0,0,363,1,스매시 스핀
435,스킬 카드51,35000,4,0,1,0,0,0,405,1,뇌제 인디그네이트
436,스킬 카드52,0,4,0,1,0,0,0,410,1,질풍신뢰
437,스킬 카드53,0,4,0,1,0,0,0,407,1,썬더 포스
438,스킬 카드54,0,4,0,1,0,0,0,460,1,스타 플레어
439,스킬 카드55,0,4,0,1,0,0,0,511,1,라플라스의 눈
440,스킬 카드56,0,4,0,1,0,0,0,610,1,고스트 웨이
441,스킬 카드57,0,4,0,1,0,0,0,611,1,러브 올 페인
442,스킬 카드58,0,4,0,1,0,0,0,555,1,포이즌 붐
443,스킬 카드59,35000,4,0,1,0,0,0,670,1,기간틱
444,스킬 카드60,0,4,0,1,0,0,0,716,1,언노운 플레어
445,스킬 카드61,0,4,0,1,0,0,0,712,1,그래비티 블래스트
446,스킬 카드62,0,4,0,1,0,0,0,756,1,울트라 하이톤
447,스킬 카드63,0,4,0,1,0,0,0,41,1,삼라결계
448,스킬 카드64,15000,4,0,1,0,0,0,42,1,배리어 옵션
449,스킬 카드65,15000,4,0,1,0,0,0,47,1,무아의 경지
450,스킬 카드66,0,4,0,1,0,0,0,54,1,붙잡기
451,스킬 카드67,0,4,0,1,0,0,0,121,1,테르밋
452,스킬 카드68,0,4,0,1,0,0,0,173,1,가뭄
453,스킬 카드69,0,4,0,1,0,0,0,366,1,돌풍
454,스킬 카드70,15000,4,0,1,0,0,0,461,1,필드 배리어
455,스킬 카드71,15000,4,0,1,0,0,0,462,1,필드 프로텍트
456,스킬 카드72,15000,4,0,1,0,0,0,463,1,행운의 무지개
457,스킬 카드73,0,4,0,1,0,0,0,468,1,섬광탄
458,스킬 카드74,0,4,0,1,0,0,0,513,1,샤크 트레이드
459,스킬 카드75,0,4,0,1,0,0,0,518,1,달콤한 악몽
460,스킬 카드76,0,4,0,1,0,0,0,618,1,뒤쪽의 정면
461,스킬 카드77,0,4,0,1,0,0,0,561,1,미아즈마
462,스킬 카드78,15000,4,0,1,0,0,0,718,1,컨티뉴
463,스킬 카드79,0,4,0,1,0,0,0,762,1,업 비트
464,스킬 카드80,0,4,0,1,0,0,0,776,1,클레임
465,스킬 카드81,15000,4,0,1,0,0,0,802,1,디스토션 봄
466,스킬 카드82,15000,4,0,1,0,0,0,804,1,스텔스 머더
467,스킬 카드83,15000,4,0,1,0,0,0,806,1,미무낙화
468,스킬 카드84,15000,4,0,1,0,0,0,807,1,인스팅션
469,스킬 카드85,15000,4,0,1,0,0,0,809,1,필드 브레이크
470,스킬 카드86,15000,4,0,1,0,0,0,377,1,비상난무
471,스킬 카드87,15000,4,0,1,0,0,0,402,1,뇌절
472,스킬 카드88,15000,4,0,1,0,0,0,661,1,댄싱 소드
473,스킬 카드89,15000,4,0,1,0,0,0,752,1,하이톤 크래시
474,스킬 카드90,20000,4,0,1,0,0,0,65,1,오버런
475,스킬 카드91,15000,4,0,1,0,0,0,115,1,백드리프트
476,스킬 카드92,15000,4,0,1,0,0,0,164,1,얼음 감옥
477,스킬 카드93,15000,4,0,1,0,0,0,378,1,스피닝 에어
478,스킬 카드94,15000,4,0,1,0,0,0,510,1,다크니스 스위트
479,스킬 카드95,15000,4,0,1,0,0,0,682,1,브레이브 버스트
480,스킬 카드96,15000,4,0,1,0,0,0,714,1,카타스트로피
481,스킬 카드97,15000,4,0,1,0,0,0,608,1,폴터가이스트
482,스킬 카드98,35000,4,0,1,0,0,0,120,1,도깨비불
483,스킬 카드99,35000,4,0,1,0,0,0,424,1,쇼크 패럴라이즈
484,스킬 카드100,35000,4,0,1,0,0,0,571,1,산성 눈물
485,스킬 카드101,15000,4,0,1,0,0,0,69,1,천공의 위세
486,스킬 카드102,15000,4,0,1,0,0,0,70,1,지양의 위세
487,스킬 카드103,15000,4,0,1,0,0,0,380,1,종언의 정풍
488,스킬 카드104,15000,4,0,1,0,0,0,278,1,파괴의 균열
489,스킬 카드105,35000,4,0,1,0,0,0,820,1,천지무극
490,스킬 카드106,0,255,0,0,1,0,0,1023,1,스킬 카드 １０６,더미 데이터
491,스킬 카드107,0,255,0,0,1,0,0,1023,1,스킬 카드 １０７,더미 데이터
492,스킬 카드108,0,255,0,0,1,0,0,1023,1,스킬 카드 １０８,더미 데이터
493,스킬 카드109,0,255,0,0,1,0,0,1023,1,스킬 카드 １０９,더미 데이터
494,스킬 카드110,0,255,0,0,1,0,0,1023,1,스킬 카드 １１０,더미 데이터
495,스킬 카드111,0,255,0,0,1,0,0,1023,1,스킬 카드 １１１,더미 데이터
496,스킬 카드112,0,255,0,0,1,0,0,1023,1,스킬 카드 １１２,더미 데이터
497,스킬 카드113,0,255,0,0,1,0,0,1023,1,스킬 카드 １１３,더미 데이터
498,스킬 카드106,15000,4,0,1,0,0,0,127,1,염부
499,스킬 카드107,15000,4,0,1,0,0,0,179,1,수부
500,스킬 카드108,15000,4,0,1,0,0,0,233,1,자연부
501,스킬 카드109,15000,4,0,1,0,0,0,273,1,대지부
502,스킬 카드110,15000,4,0,1,0,0,0,327,1,강철부
503,스킬 카드111,15000,4,0,1,0,0,0,375,1,풍부
504,스킬 카드112,15000,4,0,1,0,0,0,421,1,뇌부
505,스킬 카드113,15000,4,0,1,0,0,0,474,1,광부
506,스킬 카드114,15000,4,0,1,0,0,0,524,1,암부
507,스킬 카드115,15000,4,0,1,0,0,0,623,1,명부
508,스킬 카드116,15000,4,0,1,0,0,0,566,1,독부
509,스킬 카드117,15000,4,0,1,0,0,0,680,1,투부
510,스킬 카드118,15000,4,0,1,0,0,0,741,1,환부
511,스킬 카드119,15000,4,0,1,0,0,0,782,1,음부
512,스킬 카드120,15000,4,0,1,0,0,0,817,1,왜부
513,Item513,0,255,0,0,1,0,0,0,1,Item５１３.
514,Item514,0,255,0,0,1,0,0,0,1,Item５１４.
515,Item515,0,255,0,0,1,0,0,0,1,Item５１５.
516,Item516,0,255,0,0,1,0,0,0,1,Item５１６.
517,집탄의 약,500,255,0,0,1,0,0,0,1,전투중 인형의 집탄을 올린다.\n교환하면 원래대로 돌아온다.\n적용불가.
518,집방의 약,550,255,0,0,1,0,0,0,1,전투중 인형의 집방을 올린다.\n교환하면 원래대로 돌아온다.\n적용불가.
519,준민의 약,350,255,0,0,1,0,0,0,1,전투중 인형의 준민을 올린다.\n교환하면 원래대로 돌아온다.\n적용불가.
520,산탄의 약,350,255,0,0,1,0,0,0,1,전투중 인형의 산탄을 올린다.\n교환하면 원래대로 돌아온다.\n적용불가.
521,산방의 약,350,255,0,0,1,0,0,0,1,전투중 인형의 산방을 올린다.\n교환하면 원래대로 돌아온다.\n적용불가.
522,명중의 약,950,255,0,0,1,0,0,0,1,전투중 인형의 명중을 올린다.\n교환하면 원래대로 돌아온다.\n적용불가.
523,심안의 약,650,255,0,0,1,0,0,0,1,전투중 인형의 OO을 올린다.\n교환하면 원래대로 돌아온다.\n적용불가.
524,불간섭의 약,700,255,0,0,1,0,0,0,1,전투중 5턴 동안 아군의 능력이 내려가지 않게 한다.\n적용불가.
525,히나 인형,1000,5,1,0,1,0,0,0,1,야생 인형의 주위를 끌고 전투에서\n반드시 도망칠 수 있게 한다.
526,Item526,0,255,1,0,1,0,0,0,1,Item５２６.
527,Item527,0,255,1,0,1,0,0,0,1,Item５２７.
528,Item528,0,255,1,0,1,0,0,0,1,Item５２８.
529,Item529,0,255,1,0,1,0,0,0,1,Item５２９.
530,Item530,0,255,1,0,1,0,0,0,1,Item５３０.
531,봉인의 실,200,5,1,0,1,0,0,0,1,인형 봉인에 사용하는 튼튼한 실.
532,계약의 실,600,5,1,0,1,0,0,0,1,봉인의 실보다 인형을 봉인하기 쉬워진\n조금 성능이 좋은 실.
533,서약의 실,1200,5,1,0,1,0,0,0,1,계약의 실보다 인형을 봉인하기 쉬워진\n꽤 성능이 좋은 실.
534,운명의 실,10,5,1,0,1,0,0,0,1,어떤 인형도 봉인하는 것이 가능한\n최고 성능의 실.
535,Item535,0,255,1,0,1,0,0,0,1,Item５３５.
536,Item536,0,255,1,0,1,0,0,0,1,Item５３６.
537,Item537,0,255,1,0,1,0,0,0,1,Item５３７.
538,Item538,0,255,1,0,1,0,0,0,1,Item５３８.
539,Item539,0,255,1,0,1,0,0,0,1,Item５３９.
540,Item540,0,255,1,0,1,0,0,0,1,Item５４０.
541,Item541,0,255,1,0,1,0,0,0,1,Item５４１.
542,Item542,0,255,1,0,1,0,0,0,1,Item５４２.
543,Item543,0,255,1,0,1,0,0,0,1,Item５４３.
544,Item544,0,255,1,0,1,0,0,0,1,Item５４４.
545,Item545,0,255,1,0,1,0,0,0,1,Item５４５.
546,Item546,0,255,1,0,1,0,0,0,1,Item５４６.
547,Item547,0,255,1,0,1,0,0,0,1,Item５４７.
548,Item548,0,255,1,0,1,0,0,0,1,Item５４８.
549,Item549,0,255,1,0,1,0,0,0,1,Item５４９.
550,Item550,0,255,1,0,1,0,0,0,1,Item５５０.
551,Item551,0,255,1,0,1,0,0,0,1,Item５５１.
552,Item552,0,255,1,0,1,0,0,0,1,Item５５２.
553,Item553,0,255,1,0,1,0,0,0,1,Item５５３.
554,Item554,0,255,1,0,1,0,0,0,1,Item５５４.
555,Item555,0,255,1,0,1,0,0,0,1,Item５５５.
556,Item556,0,255,1,0,1,0,0,0,1,Item５５６.
557,Item557,0,255,1,0,1,0,0,0,1,Item５５７.
558,Item558,0,255,1,0,1,0,0,0,1,Item５５８.
559,Item559,0,255,1,0,1,0,0,0,1,Item５５９.
560,Item560,0,255,1,0,1,0,0,0,1,Item５６０.
561,Item561,0,255,1,0,1,0,0,0,1,Item５６１.
562,Item562,0,255,1,0,1,0,0,0,1,Item５６２.
563,Item563,0,255,1,0,1,0,0,0,1,Item５６３.
564,Item564,0,255,1,0,1,0,0,0,1,Item５６４.
565,Item565,0,255,1,0,1,0,0,0,1,Item５６５.
566,Item566,0,255,1,0,1,0,0,0,1,Item５６６.
567,Item567,0,255,1,0,1,0,0,0,1,Item５６７.
568,Item568,0,255,1,0,1,0,0,0,1,Item５６８.
569,Item569,0,255,1,0,1,0,0,0,1,Item５６９.
570,Item570,0,255,1,0,1,0,0,0,1,Item５７０.
571,Item571,0,255,1,0,1,0,0,0,1,Item５７１.
572,Item572,0,255,1,0,1,0,0,0,1,Item５７２.
573,Item573,0,255,1,0,1,0,0,0,1,Item５７３.
574,Item574,0,255,1,0,1,0,0,0,1,Item５７４.
575,Item575,0,255,1,0,1,0,0,0,1,Item５７５.
576,Item576,0,255,1,0,1,0,0,0,1,Item５７６.
577,인형도감,0,6,0,0,0,0,0,0,1,환상향에 발생한 인형에 대해 적힌 도감.
578,전해야 할 물건,0,6,0,0,0,0,0,0,1,앨리스라고 하는 사람에게 전해야 할 물건.\n숲에 있는 모양이다.
579,환상향의 지도,0,6,0,1,0,0,0,0,1,환상향의 지도.
580,인형 상자,0,6,0,0,0,0,0,0,1,파편 상태의 인형을 넣어두는 상자.\n아큐 인형이 있는 곳에서 열 수 있다.
581,자전거,0,6,0,1,0,0,0,0,1,빨리 달릴 수 있는 접이식 자전거.\nSELECT 버튼으로 타는 것이 가능하다.
582,나무꾼 인형,0,6,0,0,0,0,0,0,1,가는 수목을 벨 수 있는 인형.\n이것은 자립하지 않은 것 같다.
583,괴력 글러브,0,6,0,0,0,0,0,0,1,바위를 부술 수 있는 글러브.
584,고무 보트,0,6,0,1,0,0,0,0,1,강 같은 것을 건널 때 쓰는 보트.
585,스키마맵,0,6,0,1,0,0,0,0,1,알고 있는 장소에 이동할 수 있는 환상향 지도.
586,Item586,0,255,0,0,0,0,0,0,1,Item５８６.
587,Item587,0,255,0,0,0,0,0,0,1,Item５８７.
588,Item588,0,255,0,0,0,0,0,0,1,Item５８８.
589,Item589,0,255,0,0,0,0,0,0,1,Item５８９.
590,복숭아 비녀,0,6,0,0,0,0,0,0,1,카센이 잃어버린 물건.\n잃어버린 물건은 이것 말고도 3개.\n전부 찾으면 카센에게 가자.
591,술시 피리,0,6,0,0,0,0,0,0,1,카센이 잃어버린 물건.\n잃어버린 물건은 이것 말고도 3개.\n전부 찾으면 카센에게 가자.
592,신시 걸상,0,6,0,0,0,0,0,0,1,카센이 잃어버린 물건.\n잃어버린 물건은 이것 말고도 3개.\n전부 찾으면 카센에게 가자.
593,용조식 식칼도,0,6,0,0,0,0,0,0,1,카센이 잃어버린 물건.\n잃어버린 물건은 이것 말고도 3개.\n전부 찾으면 카센에게 가자.
594,Item594,0,255,0,0,0,0,0,0,1,Item５９４.
595,Item595,0,255,0,0,0,0,0,0,1,Item５９５.
596,Item596,0,255,0,0,0,0,0,0,1,Item５９６.
597,Item597,0,255,0,0,0,0,0,0,1,Item５９７.
598,요마서 -1-,0,6,0,0,0,0,0,0,1,요마서의 첫 번째 장.
599,요마서 -2-,0,6,0,0,0,0,0,0,1,요마서의 두 번째 장.
600,요마서 -3-,0,6,0,0,0,0,0,0,1,요마서의 세 번째 장.
601,요마서 -4-,0,6,0,0,0,0,0,0,1,요마서의 네 번째 장.
602,요마서 -5-,0,6,0,0,0,0,0,0,1,요마서의 다섯 번째 장.
603,요마서 -6-,0,6,0,0,0,0,0,0,1,요마서의 여섯 번째 장.
604,요마서 -7-,0,6,0,0,0,0,0,0,1,요마서의 일곱 번째 장.
605,요마서 -8-,0,6,0,0,0,0,0,0,1,요마서의 여덟 번째 장.
606,요마서 -9-,0,6,0,0,0,0,0,0,1,요마서의 아홉 번째 장.
607,요마서 -10-,0,6,0,0,0,0,0,0,1,요마서의 열 번째 장.
608,Item608,0,255,0,0,0,0,0,0,1,Item６０８.
609,Item609,0,255,0,0,0,0,0,0,1,Item６０９.
610,Item610,0,255,0,0,0,0,0,0,1,Item６１０.
611,Item611,0,255,0,0,0,0,0,0,1,Item６１１.
612,오래된 열쇠,0,6,0,0,0,0,0,0,1,오래되어 보이는 홍마관 지하실 문을 열 수 있는 열쇠.\n한 번만 사용할 수 있다.
613,큰 솜,0,6,0,0,0,0,0,0,1,대량의 인형용 솜.
614,바늘,0,6,0,0,0,0,0,0,1,바느질용 바늘.
615,실,0,6,0,0,0,0,0,0,1,큰 바느질용 실.
616,가위,0,6,0,0,0,0,0,0,1,의류용 가위.
617,옷,0,6,0,0,0,0,0,0,1,큰 갈색 옷.
618,큰 곰인형,0,6,0,0,0,0,0,0,1,놀라울 정도로 큰 곰인형.
619,찢어진 곰인형,0,6,0,0,0,0,0,0,1,조각이 되어버린 곰인형. 
620,쇼트케익,0,6,0,0,0,0,0,0,1,맛있어 보이는 쇼트케익.
621,쇼트케익 조각,0,6,0,0,0,0,0,0,1,쇼트케익 한 조각.
622,Item622,0,255,0,0,0,0,0,0,1,Item６２２.
623,Item623,0,255,0,0,0,0,0,0,1,Item６２３.
624,Item624,0,255,0,0,0,0,0,0,1,Item６２４.
625,Item625,0,255,0,0,0,0,0,0,1,Item６２５.
626,Item626,0,255,0,0,0,0,0,0,1,Item６２６.
627,Item627,0,255,0,0,0,0,0,0,1,Item６２７.
628,Item628,0,255,0,0,0,0,0,0,1,Item６２８.
629,Item629,0,255,0,0,0,0,0,0,1,Item６２９.
630,Item630,0,255,0,0,0,0,0,0,1,Item６３０.
631,Item631,0,255,0,0,0,0,0,0,1,Item６３１.
632,Item632,0,255,0,0,0,0,0,0,1,Item６３２.
633,Item633,0,255,0,0,0,0,0,0,1,Item６３３.
634,Item634,0,255,0,0,0,0,0,0,1,Item６３４.
635,Item635,0,255,0,0,0,0,0,0,1,Item６３５.
636,Item636,0,255,0,0,0,0,0,0,1,Item６３６.
637,Item637,0,255,0,0,0,0,0,0,1,Item６３７.
638,Item638,0,255,0,0,0,0,0,0,1,Item６３８.
639,Item639,0,255,0,0,0,0,0,0,1,Item６３９.
640,Item640,0,255,0,0,0,0,0,0,1,Item６４０.
641,Item641,0,255,0,0,0,0,0,0,1,Item６４１.
642,Item642,0,255,0,0,0,0,0,0,1,Item６４２.
643,Item643,0,255,0,0,0,0,0,0,1,Item６４３.
644,Item644,0,255,0,0,0,0,0,0,1,Item６４４.
645,Item645,0,255,0,0,0,0,0,0,1,Item６４５.
646,Item646,0,255,0,0,0,0,0,0,1,Item６４６.
647,Item647,0,255,0,0,0,0,0,0,1,Item６４７.
648,Item648,0,255,0,0,0,0,0,0,1,Item６４８.
649,Item649,0,255,0,0,0,0,0,0,1,Item６４９.
650,Item650,0,255,0,0,0,0,0,0,1,Item６５０.
651,Item651,0,255,0,0,0,0,0,0,1,Item６５１.
652,Item652,0,255,0,0,0,0,0,0,1,Item６５２.
653,Item653,0,255,0,0,0,0,0,0,1,Item６５３.
654,Item654,0,255,0,0,0,0,0,0,1,Item６５４.
655,Item655,0,255,0,0,0,0,0,0,1,Item６５５.
656,Item656,0,255,0,0,0,0,0,0,1,Item６５６.
657,Item657,0,255,0,0,0,0,0,0,1,Item６５７.
658,Item658,0,255,0,0,0,0,0,0,1,Item６５８.
659,Item659,0,255,0,0,0,0,0,0,1,Item６５９.
660,Item660,0,255,0,0,0,0,0,0,1,Item６６０.
661,Item661,0,255,0,0,0,0,0,0,1,Item６６１.
662,Item662,0,255,0,0,0,0,0,0,1,Item６６２.
663,Item663,0,255,0,0,0,0,0,0,1,Item６６３.
664,Item664,0,255,0,0,0,0,0,0,1,Item６６４.
665,Item665,0,255,0,0,0,0,0,0,1,Item６６５.
666,Item666,0,255,0,0,0,0,0,0,1,Item６６６.
667,Item667,0,255,0,0,0,0,0,0,1,Item６６７.
668,Item668,0,255,0,0,0,0,0,0,1,Item６６８.
669,Item669,0,255,0,0,0,0,0,0,1,Item６６９.
670,Item670,0,255,0,0,0,0,0,0,1,Item６７０.
671,Item671,0,255,0,0,0,0,0,0,1,Item６７１.
672,Item672,0,255,0,0,0,0,0,0,1,Item６７２.
673,Item673,0,255,0,0,0,0,0,0,1,Item６７３.
674,Item674,0,255,0,0,0,0,0,0,1,Item６７４.
675,Item675,0,255,0,0,0,0,0,0,1,Item６７５.
676,Item676,0,255,0,0,0,0,0,0,1,Item６７６.
677,Item677,0,255,0,0,0,0,0,0,1,Item６７７.
678,Item678,0,255,0,0,0,0,0,0,1,Item６７８.
679,Item679,0,255,0,0,0,0,0,0,1,Item６７９.
680,Item680,0,255,0,0,0,0,0,0,1,Item６８０.
681,Item681,0,255,0,0,0,0,0,0,1,Item６８１.
682,Item682,0,255,0,0,0,0,0,0,1,Item６８２.
683,Item683,0,255,0,0,0,0,0,0,1,Item６８３.
684,Item684,0,255,0,0,0,0,0,0,1,Item６８４.
685,Item685,0,255,0,0,0,0,0,0,1,Item６８５.
686,Item686,0,255,0,0,0,0,0,0,1,Item６８６.
687,Item687,0,255,0,0,0,0,0,0,1,Item６８７.
688,Item688,0,255,0,0,0,0,0,0,1,Item６８８.
689,Item689,0,255,0,0,0,0,0,0,1,Item６８９.
690,Item690,0,255,0,0,0,0,0,0,1,Item６９０.
691,Item691,0,255,0,0,0,0,0,0,1,Item６９１.
692,Item692,0,255,0,0,0,0,0,0,1,Item６９２.
693,Item693,0,255,0,0,0,0,0,0,1,Item６９３.
694,Item694,0,255,0,0,0,0,0,0,1,Item６９４.
695,Item695,0,255,0,0,0,0,0,0,1,Item６９５.
696,Item696,0,255,0,0,0,0,0,0,1,Item６９６.
697,Item697,0,255,0,0,0,0,0,0,1,Item６９７.
698,Item698,0,255,0,0,0,0,0,0,1,Item６９８.
699,Item699,0,255,0,0,0,0,0,0,1,Item６９９.
700,Item700,0,255,0,0,0,0,0,0,1,Item７００.
701,Item701,0,255,0,0,0,0,0,0,1,Item７０１.
702,Item702,0,255,0,0,0,0,0,0,1,Item７０２.
703,Item703,0,255,0,0,0,0,0,0,1,Item７０３.
704,Item704,0,255,0,0,0,0,0,0,1,Item７０４.
705,Item705,0,255,0,0,0,0,0,0,1,Item７０５.
706,Item706,0,255,0,0,0,0,0,0,1,Item７０６.
707,Item707,0,255,0,0,0,0,0,0,1,Item７０７.
708,Item708,0,255,0,0,0,0,0,0,1,Item７０８.
709,Item709,0,255,0,0,0,0,0,0,1,Item７０９.
710,Item710,0,255,0,0,0,0,0,0,1,Item７１０.
711,Item711,0,255,0,0,0,0,0,0,1,Item７１１.
712,Item712,0,255,0,0,0,0,0,0,1,Item７１２.
713,Item713,0,255,0,0,0,0,0,0,1,Item７１３.
714,Item714,0,255,0,0,0,0,0,0,1,Item７１４.
715,Item715,0,255,0,0,0,0,0,0,1,Item７１５.
716,Item716,0,255,0,0,0,0,0,0,1,Item７１６.
717,Item717,0,255,0,0,0,0,0,0,1,Item７１７.
718,Item718,0,255,0,0,0,0,0,0,1,Item７１８.
719,Item719,0,255,0,0,0,0,0,0,1,Item７１９.
720,Item720,0,255,0,0,0,0,0,0,1,Item７２０.
721,Item721,0,255,0,0,0,0,0,0,1,Item７２１.
722,Item722,0,255,0,0,0,0,0,0,1,Item７２２.
723,Item723,0,255,0,0,0,0,0,0,1,Item７２３.
724,Item724,0,255,0,0,0,0,0,0,1,Item７２４.
725,Item725,0,255,0,0,0,0,0,0,1,Item７２５.
726,Item726,0,255,0,0,0,0,0,0,1,Item７２６.
727,Item727,0,255,0,0,0,0,0,0,1,Item７２７.
728,Item728,0,255,0,0,0,0,0,0,1,Item７２８.
729,Item729,0,255,0,0,0,0,0,0,1,Item７２９.
730,Item730,0,255,0,0,0,0,0,0,1,Item７３０.
731,Item731,0,255,0,0,0,0,0,0,1,Item７３１.
732,Item732,0,255,0,0,0,0,0,0,1,Item７３２.
733,Item733,0,255,0,0,0,0,0,0,1,Item７３３.
734,Item734,0,255,0,0,0,0,0,0,1,Item７３４.
735,Item735,0,255,0,0,0,0,0,0,1,Item７３５.
736,Item736,0,255,0,0,0,0,0,0,1,Item７３６.
737,Item737,0,255,0,0,0,0,0,0,1,Item７３７.
738,Item738,0,255,0,0,0,0,0,0,1,Item７３８.
739,Item739,0,255,0,0,0,0,0,0,1,Item７３９.
740,Item740,0,255,0,0,0,0,0,0,1,Item７４０.
741,Item741,0,255,0,0,0,0,0,0,1,Item７４１.
742,Item742,0,255,0,0,0,0,0,0,1,Item７４２.
743,Item743,0,255,0,0,0,0,0,0,1,Item７４３.
744,Item744,0,255,0,0,0,0,0,0,1,Item７４４.
745,Item745,0,255,0,0,0,0,0,0,1,Item７４５.
746,Item746,0,255,0,0,0,0,0,0,1,Item７４６.
747,Item747,0,255,0,0,0,0,0,0,1,Item７４７.
748,Item748,0,255,0,0,0,0,0,0,1,Item７４８.
749,Item749,0,255,0,0,0,0,0,0,1,Item７４９.
750,Item750,0,255,0,0,0,0,0,0,1,Item７５０.
751,Item751,0,255,0,0,0,0,0,0,1,Item７５１.
752,Item752,0,255,0,0,0,0,0,0,1,Item７５２.
753,Item753,0,255,0,0,0,0,0,0,1,Item７５３.
754,Item754,0,255,0,0,0,0,0,0,1,Item７５４.
755,Item755,0,255,0,0,0,0,0,0,1,Item７５５.
756,Item756,0,255,0,0,0,0,0,0,1,Item７５６.
757,Item757,0,255,0,0,0,0,0,0,1,Item７５７.
758,Item758,0,255,0,0,0,0,0,0,1,Item７５８.
759,Item759,0,255,0,0,0,0,0,0,1,Item７５９.
760,Item760,0,255,0,0,0,0,0,0,1,Item７６０.
761,Item761,0,255,0,0,0,0,0,0,1,Item７６１.
762,Item762,0,255,0,0,0,0,0,0,1,Item７６２.
763,Item763,0,255,0,0,0,0,0,0,1,Item７６３.
764,Item764,0,255,0,0,0,0,0,0,1,Item７６４.
765,Item765,0,255,0,0,0,0,0,0,1,Item７６５.
766,Item766,0,255,0,0,0,0,0,0,1,Item７６６.
767,Item767,0,255,0,0,0,0,0,0,1,Item７６７.
768,Item768,0,255,0,0,0,0,0,0,1,Item７６８.
769,Item769,0,255,0,0,0,0,0,0,1,Item７６９.
770,Item770,0,255,0,0,0,0,0,0,1,Item７７０.
771,Item771,0,255,0,0,0,0,0,0,1,Item７７１.
772,Item772,0,255,0,0,0,0,0,0,1,Item７７２.
773,Item773,0,255,0,0,0,0,0,0,1,Item７７３.
774,Item774,0,255,0,0,0,0,0,0,1,Item７７４.
775,Item775,0,255,0,0,0,0,0,0,1,Item７７５.
776,Item776,0,255,0,0,0,0,0,0,1,Item７７６.
777,Item777,0,255,0,0,0,0,0,0,1,Item７７７.
778,Item778,0,255,0,0,0,0,0,0,1,Item７７８.
779,Item779,0,255,0,0,0,0,0,0,1,Item７７９.
780,Item780,0,255,0,0,0,0,0,0,1,Item７８０.
781,Item781,0,255,0,0,0,0,0,0,1,Item７８１.
782,Item782,0,255,0,0,0,0,0,0,1,Item７８２.
783,Item783,0,255,0,0,0,0,0,0,1,Item７８３.
784,Item784,0,255,0,0,0,0,0,0,1,Item７８４.
785,Item785,0,255,0,0,0,0,0,0,1,Item７８５.
786,Item786,0,255,0,0,0,0,0,0,1,Item７８６.
787,Item787,0,255,0,0,0,0,0,0,1,Item７８７.
788,Item788,0,255,0,0,0,0,0,0,1,Item７８８.
789,Item789,0,255,0,0,0,0,0,0,1,Item７８９.
790,Item790,0,255,0,0,0,0,0,0,1,Item７９０.
791,Item791,0,255,0,0,0,0,0,0,1,Item７９１.
792,Item792,0,255,0,0,0,0,0,0,1,Item７９２.
793,Item793,0,255,0,0,0,0,0,0,1,Item７９３.
794,Item794,0,255,0,0,0,0,0,0,1,Item７９４.
795,Item795,0,255,0,0,0,0,0,0,1,Item７９５.
796,Item796,0,255,0,0,0,0,0,0,1,Item７９６.
797,Item797,0,255,0,0,0,0,0,0,1,Item７９７.
798,Item798,0,255,0,0,0,0,0,0,1,Item７９８.
799,Item799,0,255,0,0,0,0,0,0,1,Item７９９.
800,Item800,0,255,0,0,0,0,0,0,1,Item８００.
801,Item801,0,255,0,0,0,0,0,0,1,Item８０１.
802,Item802,0,255,0,0,0,0,0,0,1,Item８０２.
803,Item803,0,255,0,0,0,0,0,0,1,Item８０３.
804,Item804,0,255,0,0,0,0,0,0,1,Item８０４.
805,Item805,0,255,0,0,0,0,0,0,1,Item８０５.
806,Item806,0,255,0,0,0,0,0,0,1,Item８０６.
807,Item807,0,255,0,0,0,0,0,0,1,Item８０７.
808,Item808,0,255,0,0,0,0,0,0,1,Item８０８.
809,Item809,0,255,0,0,0,0,0,0,1,Item８０９.
810,Item810,0,255,0,0,0,0,0,0,1,Item８１０.
811,Item811,0,255,0,0,0,0,0,0,1,Item８１１.
812,Item812,0,255,0,0,0,0,0,0,1,Item８１２.
813,Item813,0,255,0,0,0,0,0,0,1,Item８１３.
814,Item814,0,255,0,0,0,0,0,0,1,Item８１４.
815,Item815,0,255,0,0,0,0,0,0,1,Item８１５.
816,Item816,0,255,0,0,0,0,0,0,1,Item８１６.
817,Item817,0,255,0,0,0,0,0,0,1,Item８１７.
818,Item818,0,255,0,0,0,0,0,0,1,Item８１８.
819,Item819,0,255,0,0,0,0,0,0,1,Item８１９.
820,Item820,0,255,0,0,0,0,0,0,1,Item８２０.
821,Item821,0,255,0,0,0,0,0,0,1,Item８２１.
822,Item822,0,255,0,0,0,0,0,0,1,Item８２２.
823,Item823,0,255,0,0,0,0,0,0,1,Item８２３.
824,Item824,0,255,0,0,0,0,0,0,1,Item８２４.
825,Item825,0,255,0,0,0,0,0,0,1,Item８２５.
826,Item826,0,255,0,0,0,0,0,0,1,Item８２６.
827,Item827,0,255,0,0,0,0,0,0,1,Item８２７.
828,Item828,0,255,0,0,0,0,0,0,1,Item８２８.
829,Item829,0,255,0,0,0,0,0,0,1,Item８２９.
830,Item830,0,255,0,0,0,0,0,0,1,Item８３０.
831,Item831,0,255,0,0,0,0,0,0,1,Item８３１.
832,Item832,0,255,0,0,0,0,0,0,1,Item８３２.
833,Item833,0,255,0,0,0,0,0,0,1,Item８３３.
834,Item834,0,255,0,0,0,0,0,0,1,Item８３４.
835,Item835,0,255,0,0,0,0,0,0,1,Item８３５.
836,Item836,0,255,0,0,0,0,0,0,1,Item８３６.
837,Item837,0,255,0,0,0,0,0,0,1,Item８３７.
838,Item838,0,255,0,0,0,0,0,0,1,Item８３８.
839,Item839,0,255,0,0,0,0,0,0,1,Item８３９.
840,Item840,0,255,0,0,0,0,0,0,1,Item８４０.
841,Item841,0,255,0,0,0,0,0,0,1,Item８４１.
842,Item842,0,255,0,0,0,0,0,0,1,Item８４２.
843,Item843,0,255,0,0,0,0,0,0,1,Item８４３.
844,Item844,0,255,0,0,0,0,0,0,1,Item８４４.
845,Item845,0,255,0,0,0,0,0,0,1,Item８４５.
846,Item846,0,255,0,0,0,0,0,0,1,Item８４６.
847,Item847,0,255,0,0,0,0,0,0,1,Item８４７.
848,Item848,0,255,0,0,0,0,0,0,1,Item８４８.
849,Item849,0,255,0,0,0,0,0,0,1,Item８４９.
850,Item850,0,255,0,0,0,0,0,0,1,Item８５０.
851,Item851,0,255,0,0,0,0,0,0,1,Item８５１.
852,Item852,0,255,0,0,0,0,0,0,1,Item８５２.
853,Item853,0,255,0,0,0,0,0,0,1,Item８５３.
854,Item854,0,255,0,0,0,0,0,0,1,Item８５４.
855,Item855,0,255,0,0,0,0,0,0,1,Item８５５.
856,Item856,0,255,0,0,0,0,0,0,1,Item８５６.
857,Item857,0,255,0,0,0,0,0,0,1,Item８５７.
858,Item858,0,255,0,0,0,0,0,0,1,Item８５８.
859,Item859,0,255,0,0,0,0,0,0,1,Item８５９.
860,Item860,0,255,0,0,0,0,0,0,1,Item８６０.
861,Item861,0,255,0,0,0,0,0,0,1,Item８６１.
862,Item862,0,255,0,0,0,0,0,0,1,Item８６２.
863,Item863,0,255,0,0,0,0,0,0,1,Item８６３.
864,Item864,0,255,0,0,0,0,0,0,1,Item８６４.
865,Item865,0,255,0,0,0,0,0,0,1,Item８６５.
866,Item866,0,255,0,0,0,0,0,0,1,Item８６６.
867,Item867,0,255,0,0,0,0,0,0,1,Item８６７.
868,Item868,0,255,0,0,0,0,0,0,1,Item８６８.
869,Item869,0,255,0,0,0,0,0,0,1,Item８６９.
870,Item870,0,255,0,0,0,0,0,0,1,Item８７０.
871,Item871,0,255,0,0,0,0,0,0,1,Item８７１.
872,Item872,0,255,0,0,0,0,0,0,1,Item８７２.
873,Item873,0,255,0,0,0,0,0,0,1,Item８７３.
874,Item874,0,255,0,0,0,0,0,0,1,Item８７４.
875,Item875,0,255,0,0,0,0,0,0,1,Item８７５.
876,Item876,0,255,0,0,0,0,0,0,1,Item８７６.
877,Item877,0,255,0,0,0,0,0,0,1,Item８７７.
878,Item878,0,255,0,0,0,0,0,0,1,Item８７８.
879,Item879,0,255,0,0,0,0,0,0,1,Item８７９.
880,Item880,0,255,0,0,0,0,0,0,1,Item８８０.
881,Item881,0,255,0,0,0,0,0,0,1,Item８８１.
882,Item882,0,255,0,0,0,0,0,0,1,Item８８２.
883,Item883,0,255,0,0,0,0,0,0,1,Item８８３.
884,Item884,0,255,0,0,0,0,0,0,1,Item８８４.
885,Item885,0,255,0,0,0,0,0,0,1,Item８８５.
886,Item886,0,255,0,0,0,0,0,0,1,Item８８６.
887,Item887,0,255,0,0,0,0,0,0,1,Item８８７.
888,Item888,0,255,0,0,0,0,0,0,1,Item８８８.
889,Item889,0,255,0,0,0,0,0,0,1,Item８８９.
890,Item890,0,255,0,0,0,0,0,0,1,Item８９０.
891,Item891,0,255,0,0,0,0,0,0,1,Item８９１.
892,Item892,0,255,0,0,0,0,0,0,1,Item８９２.
893,Item893,0,255,0,0,0,0,0,0,1,Item８９３.
894,Item894,0,255,0,0,0,0,0,0,1,Item８９４.
895,Item895,0,255,0,0,0,0,0,0,1,Item８９５.
896,Item896,0,255,0,0,0,0,0,0,1,Item８９６.
897,Item897,0,255,0,0,0,0,0,0,1,Item８９７.
898,Item898,0,255,0,0,0,0,0,0,1,Item８９８.
899,Item899,0,255,0,0,0,0,0,0,1,Item８９９.
900,Item900,0,255,0,0,0,0,0,0,1,Item９００.
901,Item901,0,255,0,0,0,0,0,0,1,Item９０１.
902,Item902,0,255,0,0,0,0,0,0,1,Item９０２.
903,Item903,0,255,0,0,0,0,0,0,1,Item９０３.
904,Item904,0,255,0,0,0,0,0,0,1,Item９０４.
905,Item905,0,255,0,0,0,0,0,0,1,Item９０５.
906,Item906,0,255,0,0,0,0,0,0,1,Item９０６.
907,Item907,0,255,0,0,0,0,0,0,1,Item９０７.
908,Item908,0,255,0,0,0,0,0,0,1,Item９０８.
909,Item909,0,255,0,0,0,0,0,0,1,Item９０９.
910,Item910,0,255,0,0,0,0,0,0,1,Item９１０.
911,Item911,0,255,0,0,0,0,0,0,1,Item９１１.
912,Item912,0,255,0,0,0,0,0,0,1,Item９１２.
913,Item913,0,255,0,0,0,0,0,0,1,Item９１３.
914,Item914,0,255,0,0,0,0,0,0,1,Item９１４.
915,Item915,0,255,0,0,0,0,0,0,1,Item９１５.
916,Item916,0,255,0,0,0,0,0,0,1,Item９１６.
917,Item917,0,255,0,0,0,0,0,0,1,Item９１７.
918,Item918,0,255,0,0,0,0,0,0,1,Item９１８.
919,Item919,0,255,0,0,0,0,0,0,1,Item９１９.
920,Item920,0,255,0,0,0,0,0,0,1,Item９２０.
921,Item921,0,255,0,0,0,0,0,0,1,Item９２１.
922,Item922,0,255,0,0,0,0,0,0,1,Item９２２.
923,Item923,0,255,0,0,0,0,0,0,1,Item９２３.
924,Item924,0,255,0,0,0,0,0,0,1,Item９２４.
925,Item925,0,255,0,0,0,0,0,0,1,Item９２５.
926,Item926,0,255,0,0,0,0,0,0,1,Item９２６.
927,Item927,0,255,0,0,0,0,0,0,1,Item９２７.
928,Item928,0,255,0,0,0,0,0,0,1,Item９２８.
929,Item929,0,255,0,0,0,0,0,0,1,Item９２９.
930,Item930,0,255,0,0,0,0,0,0,1,Item９３０.
931,Item931,0,255,0,0,0,0,0,0,1,Item９３１.
932,Item932,0,255,0,0,0,0,0,0,1,Item９３２.
933,Item933,0,255,0,0,0,0,0,0,1,Item９３３.
934,Item934,0,255,0,0,0,0,0,0,1,Item９３４.
935,Item935,0,255,0,0,0,0,0,0,1,Item９３５.
936,Item936,0,255,0,0,0,0,0,0,1,Item９３６.
937,Item937,0,255,0,0,0,0,0,0,1,Item９３７.
938,Item938,0,255,0,0,0,0,0,0,1,Item９３８.
939,Item939,0,255,0,0,0,0,0,0,1,Item９３９.
940,Item940,0,255,0,0,0,0,0,0,1,Item９４０.
941,Item941,0,255,0,0,0,0,0,0,1,Item９４１.
942,Item942,0,255,0,0,0,0,0,0,1,Item９４２.
943,Item943,0,255,0,0,0,0,0,0,1,Item９４３.
944,Item944,0,255,0,0,0,0,0,0,1,Item９４４.
945,Item945,0,255,0,0,0,0,0,0,1,Item９４５.
946,Item946,0,255,0,0,0,0,0,0,1,Item９４６.
947,Item947,0,255,0,0,0,0,0,0,1,Item９４７.
948,Item948,0,255,0,0,0,0,0,0,1,Item９４８.
949,Item949,0,255,0,0,0,0,0,0,1,Item９４９.
950,Item950,0,255,0,0,0,0,0,0,1,Item９５０.
951,Item951,0,255,0,0,0,0,0,0,1,Item９５１.
952,Item952,0,255,0,0,0,0,0,0,1,Item９５２.
953,Item953,0,255,0,0,0,0,0,0,1,Item９５３.
954,Item954,0,255,0,0,0,0,0,0,1,Item９５４.
955,Item955,0,255,0,0,0,0,0,0,1,Item９５５.
956,Item956,0,255,0,0,0,0,0,0,1,Item９５６.
957,Item957,0,255,0,0,0,0,0,0,1,Item９５７.
958,Item958,0,255,0,0,0,0,0,0,1,Item９５８.
959,Item959,0,255,0,0,0,0,0,0,1,Item９５９.
960,Item960,0,255,0,0,0,0,0,0,1,Item９６０.
961,Item961,0,255,0,0,0,0,0,0,1,Item９６１.
962,Item962,0,255,0,0,0,0,0,0,1,Item９６２.
963,Item963,0,255,0,0,0,0,0,0,1,Item９６３.
964,Item964,0,255,0,0,0,0,0,0,1,Item９６４.
965,Item965,0,255,0,0,0,0,0,0,1,Item９６５.
966,Item966,0,255,0,0,0,0,0,0,1,Item９６６.
967,Item967,0,255,0,0,0,0,0,0,1,Item９６７.
968,Item968,0,255,0,0,0,0,0,0,1,Item９６８.
969,Item969,0,255,0,0,0,0,0,0,1,Item９６９.
970,Item970,0,255,0,0,0,0,0,0,1,Item９７０.
971,Item971,0,255,0,0,0,0,0,0,1,Item９７１.
972,Item972,0,255,0,0,0,0,0,0,1,Item９７２.
973,Item973,0,255,0,0,0,0,0,0,1,Item９７３.
974,Item974,0,255,0,0,0,0,0,0,1,Item９７４.
975,Item975,0,255,0,0,0,0,0,0,1,Item９７５.
976,Item976,0,255,0,0,0,0,0,0,1,Item９７６.
977,Item977,0,255,0,0,0,0,0,0,1,Item９７７.
978,Item978,0,255,0,0,0,0,0,0,1,Item９７８.
979,Item979,0,255,0,0,0,0,0,0,1,Item９７９.
980,Item980,0,255,0,0,0,0,0,0,1,Item９８０.
981,Item981,0,255,0,0,0,0,0,0,1,Item９８１.
982,Item982,0,255,0,0,0,0,0,0,1,Item９８２.
983,Item983,0,255,0,0,0,0,0,0,1,Item９８３.
984,Item984,0,255,0,0,0,0,0,0,1,Item９８４.
985,Item985,0,255,0,0,0,0,0,0,1,Item９８５.
986,Item986,0,255,0,0,0,0,0,0,1,Item９８６.
987,Item987,0,255,0,0,0,0,0,0,1,Item９８７.
988,Item988,0,255,0,0,0,0,0,0,1,Item９８８.
989,Item989,0,255,0,0,0,0,0,0,1,Item９８９.
990,Item990,0,255,0,0,0,0,0,0,1,Item９９０.
991,Item991,0,255,0,0,0,0,0,0,1,Item９９１.
992,Item992,0,255,0,0,0,0,0,0,1,Item９９２.
993,Item993,0,255,0,0,0,0,0,0,1,Item９９３.
994,Item994,0,255,0,0,0,0,0,0,1,Item９９４.
995,Item995,0,255,0,0,0,0,0,0,1,Item９９５.
996,Item996,0,255,0,0,0,0,0,0,1,Item９９６.
997,Item997,0,255,0,0,0,0,0,0,1,Item９９７.
998,Item998,0,255,0,0,0,0,0,0,1,Item９９８.
999,Item999,0,255,0,0,0,0,0,0,1,Item９９９.
1000,Item1000,0,255,0,0,0,0,0,0,1,Item１０００.
1001,Item1001,0,255,0,0,0,0,0,0,1,Item１００１.
1002,Item1002,0,255,0,0,0,0,0,0,1,Item１００２.
1003,Item1003,0,255,0,0,0,0,0,0,1,Item１００３.
1004,Item1004,0,255,0,0,0,0,0,0,1,Item１００４.
1005,Item1005,0,255,0,0,0,0,0,0,1,Item１００５.
1006,Item1006,0,255,0,0,0,0,0,0,1,Item１００６.
1007,Item1007,0,255,0,0,0,0,0,0,1,Item１００７.
1008,Item1008,0,255,0,0,0,0,0,0,1,Item１００８.
1009,Item1009,0,255,0,0,0,0,0,0,1,Item１００９.
1010,Item1010,0,255,0,0,0,0,0,0,1,Item１０１０.
1011,Item1011,0,255,0,0,0,0,0,0,1,Item１０１１.
1012,Item1012,0,255,0,0,0,0,0,0,1,Item１０１２.
1013,Item1013,0,255,0,0,0,0,0,0,1,Item１０１３.
1014,Item1014,0,255,0,0,0,0,0,0,1,Item１０１４.
1015,Item1015,0,255,0,0,0,0,0,0,1,Item１０１５.
1016,Item1016,0,255,0,0,0,0,0,0,1,Item１０１６.
1017,Item1017,0,255,0,0,0,0,0,0,1,Item１０１７.
1018,Item1018,0,255,0,0,0,0,0,0,1,Item１０１８.
1019,Item1019,0,255,0,0,0,0,0,0,1,Item１０１９.
1020,Item1020,0,255,0,0,0,0,0,0,1,Item１０２０.
1021,Item1021,0,255,0,0,0,0,0,0,1,Item１０２１.
1022,Item1022,0,255,0,0,0,0,0,0,1,Item１０２２.
1023,Item1023,0,255,0,0,0,0,0,0,1,Item１０２３.
